￥4999.00,惠普星Book15【2023新款AMD旗舰锐龙7代】高性能轻薄笔记本电脑,5000+条评价,惠普（HP）专卖店
￥3499.00,联想笔记本电脑小新14轻薄本 英特尔酷睿i5 14英寸超薄本(高性能标压i5 16G 512G)灰 商务办公学生,10万+条评价,联想京东自营旗舰店
￥4599.00,惠普（HP）锐Pro 14英寸轻薄笔记本电脑(英特尔酷睿13代i5-1340P 高频16G 1T 2.5K 120Hz高色域 Evo认证 长续航 高性能),2000+条评价,惠普京东自营官方旗舰店
￥2708.00,国行【2023款英特尔可选酷睿】金属笔记本电脑轻薄本大学生上网课设计学习商务办公游戏手提 高配英特尔四核+12代 IPS屏窄边全面屏+抗蓝光 32G运行+10,10万+条评价,HUWI旗舰店
￥2188.00,爱心东东【2023英特尔+酷睿i7独显】国行4K金属笔记本电脑超薄指纹解锁商务办公设计学生游戏系能手提 英特尔12代 【4K高清款】超性能本+指纹解锁 16G+512G,5万+条评价,系能旗舰店
￥2708.00,国行【2023款英特尔可选酷睿】金属笔记本电脑轻薄本大学生上网课设计学习商务办公游戏手提 玫瑰金-高配英特尔四核+12代 IPS屏窄边全面屏 32G运行+10,10万+条评价,HUWI旗舰店
￥3999.00,华硕无畏15 13代酷睿i5标压 15.6英寸144Hz高刷屏轻薄高性能笔记本电脑(i5-13500H 16G 512G 高色域)银,5万+条评价,华硕京东自营官方旗舰店
￥2298.00,爱心东东HUAV国行【2023款英特尔可选酷睿】金属笔记本电脑轻薄本大学生上网课设计学习商务办公游戏手提 高配英特尔四核+13代 IPS屏窄边全面屏+抗蓝光 32G运,2万+条评价,HUAV官方旗舰店
￥3999.00,华为（HUAWEI）笔记本电脑MateBook D 16 SE版 2024 13代酷睿i5 16G 512G/高性能轻薄办公本/16英寸护眼屏/手机互联 皓月银,5000+条评价,华为京东自营官方旗舰店
￥3199.00,荣耀笔记本电脑MagicBook X 16 战斗版 12代酷睿标压i5 16G 512G 轻薄本 智慧互联,2万+条评价,荣耀京东自营旗舰店
￥3749.00,华为笔记本电脑MateBook D 14 SE版 2023 14英寸 12代酷睿i5 16G 512G 轻薄办公本/护眼全面屏/手机互联 皓月银,5万+条评价,华为京东自营官方旗舰店
￥5999.00,机械革命（MECHREVO）极光Pro 15.6英寸12代酷睿i7游戏本笔记本电脑(i7-12650H 16G 512G RTX4060 165HZ 2.5K屏),10万+条评价,机械革命京东自营官方旗舰店
￥3499.00,华硕无畏16 16英寸高性能超薄本学生办公全能轻薄笔记本电脑(八核标压R7 16G 512G 莱茵护眼屏防眩光)银,2万+条评价,华硕京东自营官方旗舰店
￥1698.00,国行【2023新品13代4K全面屏】笔记本电脑轻薄本游戏本学生商务商用办公本高性能高端超薄手提 高配冰川银【英特尔13代+指纹+全面屏】 16GB运存+2,2万+条评价,荣耀剑舞旗舰店
￥1166.00,拍拍联想（Lenovo)二手笔记本电脑小新 Air/pro 13/14/15.6寸 轻薄商务制图办公本 95新主流办公 i7-16G-1TB固态独显 热荐 .,2万+条评价,至上优品二手电脑专营店
￥2298.00,国行【2023新品13代4K全面屏】笔记本电脑轻薄本游戏本学生商务商用办公本高性能高端超薄手提 高配暗夜黑【英特尔13代+指纹+全面屏】 32GB运存+5,2万+条评价,荣耀剑舞旗舰店
￥1898.00,国行【2023新品13代4K全面屏】笔记本电脑轻薄本游戏本学生商务商用办公本高性能高端超薄手提 高配冰川银【英特尔13代+指纹+全面屏】 32GB运存+5,2万+条评价,荣耀剑舞旗舰店
￥2999.00,戴尔（DELL）笔记本电脑灵越3511 15.6英寸全面屏轻薄本(酷睿i5 16G 512G 锐炬显卡)银 微边框 独立数字小键盘,10万+条评价,戴尔京东自营官方旗舰店
￥2588.00,爱心东东【2023英特尔+酷睿i7独显】国行4K金属笔记本电脑超薄指纹解锁商务办公设计学生游戏系能手提 英特尔12代 【4K高清款】超性能本+指纹解锁 32G高速,5万+条评价,系能旗舰店
￥3699.00,戴尔（DELL）笔记本电脑灵越3530 15.6英寸高性能全面屏轻薄本(13代酷睿i5 16G 512G 锐炬显卡 120Hz防眩光高刷屏)银,10万+条评价,戴尔京东自营官方旗舰店
￥4198.00,国行【2023款英特尔可选酷睿】金属笔记本电脑轻薄本大学生上网课设计学习商务办公游戏手提 顶配版酷睿i7 11代全能本+窄边屏+背光+指纹锁 32G运行+10,10万+条评价,HUWI旗舰店
￥1998.00,爱心东东HUAV国行【2023款英特尔可选酷睿】金属笔记本电脑轻薄本大学生上网课设计学习商务办公游戏手提 高配英特尔四核+13代 IPS屏窄边全面屏+抗蓝光 32G运,2万+条评价,HUAV官方旗舰店
￥888.00,LENO全新官方英特尔12代超高性能酷睿i7+独显2G游戏本金属笔记本电脑办公商务设计大学生轻薄手提便捷 12代英特尔旗舰版+IPS高清-银 16G运行 256G固,5000+条评价,LENO电脑办公旗舰店
￥1498.00,爱心东东HUAV国行【2023款英特尔可选酷睿】金属笔记本电脑轻薄本大学生上网课设计学习商务办公游戏手提 高配英特尔四核+13代 IPS屏窄边全面屏+抗蓝光 16G运,2万+条评价,HUAV官方旗舰店
￥4499.00,华硕笔记本电脑 a豆14 14英寸Pro级高性能轻薄本(13代酷睿标压i5-13500H 2.5K超清屏 144Hz高刷 16G 1TB)办公学生,5000+条评价,华硕京东自营官方旗舰店
￥4908.00,国行【2023款英特尔可选酷睿】金属笔记本电脑轻薄本大学生上网课设计学习商务办公游戏手提 酷睿i7 11代+2G独显 电竞设计梦幻本 32G运行+1024G超速硬,10万+条评价,HUWI旗舰店
￥1628.00,拍拍联想ThinkPad（98%商务选择）二手笔记本电脑 T470/T490 轻薄办公 绘图剪辑工程游戏 95新【人气推荐】T470 i5 16G 512G,5000+条评价,橘子优品二手电脑专营店
￥3188.00,爱心东东【2023英特尔+酷睿i7独显】国行4K金属笔记本电脑超薄指纹解锁商务办公设计学生游戏系能手提 英特尔12代 【4K高清款】超性能本+指纹解锁 32G高速,5万+条评价,系能旗舰店
￥1398.00,荣耀剑舞大学生办公本国行2023新品英特尔12代高性能高颜值14英寸笔记本电脑轻薄本商务学习上网课手提 银色【14英寸2K超清屏办公轻薄本】 16GB,5000+条评价,荣耀剑舞旗舰店
￥1748.00,拍拍联想拯救者15.6寸i7 3060二手笔记本电脑Y7000/R9000P高刷游戏本学生设计商务办公 95新①i7-标压 GTX960 游戏通杀 高配16G内存+512G固态,1万+条评价,优品精选二手笔记本专营店
￥4399.00,华硕无畏16 标压处理器 16英寸大屏学生办公高性能轻薄笔记本电脑 新无畏16 银丨13代i5-13500H 8G内存 512G固态 护眼屏,5000+条评价,华硕汉腾专卖店
￥829.00,拍拍联想Thinkpad 轻薄便携14英寸商务办公 i5网课学习游戏设计二手笔记本电脑 5】i5/8G/256G固态/独显 店长力荐 现货速发 95成新,5000+条评价,鼎胜二手电脑专营店
￥3299.00,戴尔（DELL）笔记本电脑灵越3520 15.6英寸高性能全面屏轻薄本(酷睿i5 16G 1TB 锐炬显卡 120Hz防眩光高刷屏)银,10万+条评价,戴尔京东自营官方旗舰店
￥998.00,爱心东东国行【2023款英特尔可选酷睿】15.6英寸笔记本电脑轻薄本学生办公超薄便携高性能游戏本手提豆小谷 【旗舰新款】英特尔11代+4K全面屏+IPS抗蓝光 8G内,5万+条评价,豆小谷旗舰店
￥1779.00,中柏（Jumper）16英寸（16G 512G N100 win11) 英特尔12代轻薄商务办公笔记本电脑【2023款】EZbook S5 max16512,2万+条评价,中柏平板京东自营旗舰店
￥1999.00,宏碁（acer）非凡Go Fun 16英寸轻薄本 教育办公笔记本电脑(英特尔四核N100 8G 512G固态 IPS全高清防眩光Win11)灰,1万+条评价,宏碁京东自营旗舰店
￥3299.00,惠普星Book15 青春版学生轻薄本大屏笔记本电脑,5000+条评价,惠普无边界专卖店
￥1088.00,拍拍华硕（ASUS）网课学习商务办公本13/14/15.6寸轻薄便携i5/i7独显游戏本二手 95新 I7-独显12G+1T固态【店长推荐】顶配,5000+条评价,鸿图二手电脑专营店
￥5499.00,惠普HP 星Book Pro 16英寸大屏轻薄笔记本电脑(13代酷睿i7-13700H 16G 1TB 2.5K 120HzVRR 400尼特 EVO认证)银,1万+条评价,惠普京东自营官方旗舰店
￥920.00,爱心东东独显】15.6英寸4K笔记本电脑轻薄网课办公集成显卡游戏本大学生手 流光银丨高配英特尔四核12代+IPS全面屏+抗蓝光 8G内存+128G固态硬盘,2万+条评价,白罗秋雨电脑整机专营店
￥3999.00,华硕无畏15 13代酷睿i5标压 15.6英寸144Hz高刷屏轻薄高性能笔记本电脑(i5-13500H 16G 512G 高色域)银,5万+条评价,华硕京东自营官方旗舰店
￥1163.00,拍拍联想（Lenovo）二手笔记本电脑小新Air/Pro 14/15寸设计制图 网课学习 商务办公轻薄本 95新 办公多开 I7-16G-512G固态 独显,5000+条评价,星晟二手电脑专营店
￥14999.00,华硕灵耀X双屏Pro 2023 14.5英寸轻薄笔记本电脑 2.8K双触控屏 高性能本13代标压i9-13900H 32G 1TB RTX4060,1000+条评价,华硕京东自营官方旗舰店
￥1580.00,国行【2023款英特尔可选酷睿】金属笔记本电脑轻薄本大学生上网课设计学习商务办公游戏手提 玫瑰金-高配英特尔四核+12代 IPS屏窄边全面屏 8G运行+256,10万+条评价,HUWI旗舰店
￥7999.00,惠普（HP）暗影精灵9 intel 16.1英寸游戏本 笔记本电脑(13代酷睿i9-13900HX RTX4060 16G 1T 2.5K 240Hz),20万+条评价,惠普（HP）OMEN暗影精灵京东自营旗舰店
￥589.00,拍拍i5 i7四核惠普 联想 戴尔 华硕二手笔记本电脑游戏设计 办公笔记本电脑12 14 15 17寸 15.6寸惠普B系列 官方套餐 9成新,84条评价,瑞程二手电脑专营店
￥3499.00,惠普（HP）战66六代 锐龙版14英寸轻薄本笔记本电脑(2023锐龙R5-7530U 16G 1T 长续航 高色域低蓝光屏 AI新体验 高性能),20万+条评价,惠普京东自营官方旗舰店
￥998.00,【2023款英特尔+酷睿i7】15.6英寸笔记本电脑轻薄本网课设计学习商务办公游戏大学生手提 智能驼 青春版【11代英特尔】全面屏+抗蓝光 8G内存+128G固态,5万+条评价,智能驼数码旗舰店
￥4399.00,惠普（HP）战66六代酷睿15.6英寸轻薄笔记本电脑(英特尔13代 高性能 长续航 i5 16G 1T 高色域低功耗 AI新体验一年上门),20万+条评价,惠普京东自营官方旗舰店
￥3499.00,京品电脑华硕无畏16 16英寸高性能超薄本学生办公全能轻薄笔记本电脑(八核标压R7 16G 512G 莱茵护眼屏防眩光)银,2万+条评价,华硕京东自营官方旗舰店
￥2999.00,联想笔记本电脑IdeaPad 15轻薄本 15.6英寸全能本(高性能R7 16G 512G 全高清防眩光屏)银 商务办公学生,2万+条评价,联想京东自营旗舰店
￥6899.00,惠普HP 星Book Pro 16英寸大屏轻薄笔记本电脑(i7-13700H 16G 1TB RTX3050 2.5K 120HzVRR 400尼特 EVO认证)银,1万+条评价,惠普京东自营官方旗舰店
￥3088.00,系能13代英特尔酷睿I7独显笔记本电脑设计游戏本高性能全新办公轻薄直播学生学习商务I9手提 英特尔13代4K级+指纹解锁+护眼屏 32G超速运行+1TB超,2000+条评价,系能旗舰店
￥1599.00,UHAW 国行【2023款13代酷睿触控本】金属笔记本电脑轻薄本大学生上网课游戏办公设计商务手提 13代高配粉【指纹+护眼屏】 16G运行+256G超速固态,2万+条评价,UHAW旗舰店
￥4999.00,酷提lebook 二合一笔记本电脑Win11系统12代i7 2K高清带USB口高端商务移动办公 【12代13寸】i7-1255U/16+1T,1000+条评价,酷提笔记本旗舰店
￥8999.00,ThinkPad 联想 T14p 2023款14英寸高性能标压轻薄笔记本 13代酷睿i9-13900H 32G 1TB SSD 2.2K 商务办公学生本,5000+条评价,ThinkPad京东自营旗舰店
￥3299.00,荣耀笔记本电脑MagicBook X 14 2023 12代酷睿标压i5 16G 512G 100%sRGB高色域 轻薄本 大电池 手机互联,2万+条评价,荣耀京东自营旗舰店
￥1999.00,拍拍联想（Lenovo) 拯救者15.6寸Y7000/ R9000P高刷电竞吃鸡设计游戏本二手 95新 I7-标压 GTX960 游戏通杀 16G内存+512G固态,5万+条评价,新茂二手电脑专营店
￥3699.00,惠普（HP）战66六代 锐龙版15.6英寸轻薄笔记本电脑(2023锐龙R5-7530U 16G 1TB 长续航 高色域低蓝光屏 AI新体验高性能),20万+条评价,惠普京东自营官方旗舰店
￥5099.00,华为笔记本电脑MateBook 14 2023 13代酷睿版 i5 16G 512G 14英寸轻薄办公本/2K触控全面屏/手机互联 皓月银,20万+条评价,华为京东自营官方旗舰店
￥3399.00,联想笔记本电脑昭阳 轻薄本 英特尔酷睿i5 15.6英寸超大屏幕显示(高性能 i5 16G 512G)黑 商务办公学生 office,100+条评价,联想商用办公京东自营旗舰店
￥5949.00,惠普（HP）战X 2023 Zen4锐龙 14英寸轻薄笔记本电脑(R7-PRO 7840HS 32G 1T 2.5K 500尼特屏 2年上门 AI新体验 高性能),2万+条评价,惠普京东自营官方旗舰店
￥4499.00,惠普（HP）战66 六代锐龙版15.6英寸轻薄笔记本电脑(2023锐龙R7-7730U 32G 1T 长续航 高色域低蓝光屏 AI新体验 高性能),20万+条评价,惠普京东自营官方旗舰店
￥5499.00,联想笔记本电脑小新Pro16轻薄本 16英寸超能本(全新高性能标压R7-7840HS 32G 1T 2.5K高刷屏)灰 商务办公学生游戏,5万+条评价,联想京东自营旗舰店
￥3999.00,华为（HUAWEI）笔记本电脑MateBook D 14 SE版 2024 13代酷睿i5 16G 512G 轻薄办公本/14英寸护眼全面屏/手机互联 皓月银,1万+条评价,华为京东自营官方旗舰店
￥5899.00,华为（HUAWEI）笔记本电脑MateBook 14 2023 13代酷睿版 i5 32G 1T 14英寸轻薄办公本/2K触控全面屏/手机互联 深空灰,20万+条评价,华为京东自营官方旗舰店
￥4399.00,华硕无畏16 13代酷睿标压 16英寸Pro级学生手提办公本笔记本电脑轻薄本商务 i5-13500H 16G 512G 护眼屏 黑,5000+条评价,华硕电脑京东自营官方旗舰店
￥3999.00,戴尔（DELL）笔记本电脑灵越3530 15.6英寸高性能全面屏轻薄本(13代酷睿i5 16G 1TB 锐炬显卡 120Hz防眩光高刷屏)银,10万+条评价,戴尔京东自营官方旗舰店
￥4698.00,拍拍联想拯救者笔记本电脑Y9000P/R9000P/Y7000P/R7000P新款满血电竞二手游戏本 32G内存 1T固态 Y7000Pi7-9750 1660Ti电竞144,2000+条评价,汇朋二手电脑专营店
￥3999.00,联想笔记本电脑小新14轻薄本 英特尔酷睿i5 14英寸超薄本(13代标压i5-13500H 16G 512G)灰 商务办公学生,10万+条评价,联想京东自营旗舰店
￥3448.00,华为（HUAWEI） 笔记本电脑MateBook D14/SE 14英寸学生性能轻薄本商务办公本手提超极本 SE银丨i5-1240P 16G 512G 护眼全面屏,2万+条评价,华为比特专卖店
￥3499.00,华硕a豆14笔记本电脑 12代i5标压 高性能办公学生轻薄本 【推荐】i5标压 16G 512G 星际银海,1万+条评价,华硕电脑京东自营官方旗舰店
￥4999.00,惠普（HP） 星15青春系列【2023款】12代酷睿15.6英寸高性能轻薄本笔记本电脑,5000+条评价,惠普笔记本授权专卖店
￥6299.00,惠普（HP）战66 六代酷睿15.6英寸轻薄笔记本电脑(英特尔13代高性能i7 32G 1T 2.5K高色域屏 120Hz AI新体验 一年上门),20万+条评价,惠普京东自营官方旗舰店
￥999.00,得峰笔记本电脑 15.6英寸大屏全尺寸背光键盘 英特尔游戏超轻薄笔记本电脑 指纹开机 D3 M2高速固态256G硬盘,5000+条评价,得峰京东自营旗舰店
￥6999.00,联想（Lenovo）拯救者Y7000P 13代酷睿i7 游戏笔记本电脑 16英寸(13代i7-13620H 16G 1T RTX4050 2.5K 165Hz高色域屏)灰,10万+条评价,联想京东自营旗舰店
￥5499.00,联想笔记本电脑小新Pro14轻薄本 英特尔酷睿i5 14英寸超能本(13代标压i5-13500H 32G 1T 2.8K高刷屏)灰 办公游戏,20万+条评价,联想京东自营旗舰店
￥4399.00,联想笔记本电脑小新14轻薄本 13代英特尔酷睿i5 14英寸超薄本(标压i5-13500H 16G 1T 16:10 2.2K)卷云灰,10万+条评价,联想京东自营旗舰店
￥2369.00,toposh笔记本电脑7英寸迷你掌上电脑小尺寸mini笔记本触摸屏手写学生上网办公用商务便携炒股口袋本手提 12G+512G固态硬盘+手写笔+无线键鼠+高清线,500+条评价,toposh笔记本旗舰店
￥988.00,爱心东东品弘本国行【英特尔酷睿i7独显】15.6英寸笔记本电脑轻薄本学生商务办公超薄便携高性能游戏本手提品弘本 英特尔11代四核+IPS屏+抗蓝光 12GB运行+128G,5000+条评价,鑫达欧电脑办公专营店
￥3999.00,联想（Lenovo）小新16 2023英特尔酷睿i5 16英寸轻薄笔记本电脑 12代i5-12450H 16G 512G 卷云灰,2万+条评价,联想京东自营官方旗舰店
￥3999.00,荣耀笔记本电脑MagicBook V 14 2022 12代酷睿商务轻薄本 标压i5-12500H 16+512 MX550独显 2.5K高刷触控 灰,2万+条评价,荣耀京东自营旗舰店
￥4299.00,ThinkPad E14 英特尔酷睿i5 联想14英寸轻薄便携笔记本电脑(i5 16G 512G 100%sRGB 银 win11)商务办公学生本,2万+条评价,ThinkPad京东自营旗舰店
￥6299.00,戴尔（DELL）游匣G16 16英寸游戏本 笔记本电脑(14核i7 16G 512G RTX3060 165Hz高色域电竞屏)黑,10万+条评价,戴尔京东自营官方旗舰店
￥4199.00,霆硕14代英特尔/酷睿i9笔记本电脑15.6英寸指纹金属独显高性能游戏本商务办公本学生网课直播电竞 指纹 13代酷睿i7-1360P+MX550独显卡 16G内存 + 512G固态硬盘,1万+条评价,霆硕旗舰店
￥5199.00,联想笔记本电脑小新Pro16 13代酷睿i5英特尔Evo平台 16英寸超能本(i5-13500H 16G 1T 2.5K高刷屏)灰 商务办公学生,20万+条评价,联想京东自营旗舰店
￥1288.00,拍拍戴尔（DELL）灵越 成就 二手笔记本电脑 14/15.6寸大屏商务办公 网课学习 设计制图 轻薄本 【店长力荐】I7-16G-1TB固态-HD强劲显卡 95成新,500+条评价,耀辉二手电脑专营店
￥4999.00,联想笔记本电脑小新Pro14轻薄本 英特尔酷睿i5 14英寸超能本(13代标压i5-13500H 16G 1T 2.8K高刷屏)灰 办公游戏,20万+条评价,联想京东自营旗舰店
￥7099.00,惠普（HP）战66 六代酷睿15.6英寸轻薄笔记本电脑(英特尔13代高性能i7 32G 1T RTX2050 2.5K屏120Hz AI新体验一年上门),20万+条评价,惠普京东自营官方旗舰店
￥4799.00,ThinkPad联想ThinkBook 16 2023 英特尔酷睿i5 16英寸轻薄办公笔记本电脑(i5-13500H 16G 1T 2.5K 高色域 Win11),2万+条评价,ThinkPad京东自营旗舰店
￥5699.00,惠普（HP） 星Book pro 14【13代酷睿】笔记本商务办公超轻薄便携金属女学生手提 粉色：i5-13500H【锐炬Xe】2.8K高刷 标配：16G/1T固态/金属,1万+条评价,惠普（HP）山容专卖店
￥1655.00,官方2023全新【英特尔酷睿i7独显】金属笔记本电脑轻薄本大学生网课设计学习商务办公设计游戏本手提 高配冰川银【英特尔13代+背光指纹+全面屏】 16,2000+条评价,HUVVE笔记本旗舰店
￥2178.00,【2023款英特尔+酷睿i7】15.6英寸笔记本电脑轻薄本网课设计学习商务办公游戏大学生手提 智能驼 旗舰版【13代4K英特尔】全面屏+抗蓝光 16G内存+512G固,5万+条评价,智能驼数码旗舰店
￥4699.00,华为（HUAWEI）笔记本电脑MateBook D 14 2023 13代酷睿版 i5 16G IT 轻薄办公本/14英寸护眼全面屏/手机互联 皓月银,2万+条评价,华为京东自营官方旗舰店
￥2238.00,HAEWI国行【2024款英特尔可选酷睿i7】金属笔记本电脑超轻薄本大学生上网课设计学习商务办公学生游戏手提 高配英特尔13代+IPS窄边全面屏+护眼抗蓝光,200+条评价,HAEWI旗舰店
￥5299.00,惠普HP 星Book Pro 14英寸轻薄办公笔记本电脑(锐龙R7-7840H LPDDR5X高频32G 1TB 2.8K 120Hz OLED全感屏)粉色,2万+条评价,惠普京东自营官方旗舰店
￥6199.00,七彩虹（Colorful）隐星P16 23 英特尔酷睿i7 16英寸游戏本 电竞笔记本电脑(i7-12700H 16G 512G RTX4060 165Hz 2.5K）星河蓝,2000+条评价,七彩虹（Colorful）电脑官方京东自营旗舰店
￥4299.00,惠普HP 星Book Pro 14英寸轻薄笔记本电脑(EVO认证 13代酷睿i5-1340P高性能处理器 16G 1TB 2.2K护眼屏)月光银,2万+条评价,惠普京东自营官方旗舰店
￥5799.00,神舟（HASEE）战神S8 12代英特尔酷睿i7 15.6英寸游戏本 笔记本电脑(12代i7-12650H 16G 512G RTX4060 144Hz),2万+条评价,神舟电脑京东自营旗舰店
￥4539.00,荣耀（HONOR）笔记本电脑MagicBook V14 i7独显高刷护眼全面触控屏 新款超轻薄便携学生游戏本商务办公本 V14 酷睿i7 16G 512G MX550独显,1000+条评价,荣耀方和专卖店
￥5999.00,戴尔（DELL）笔记本电脑灵越PLUS16-7630 16英寸超能轻薄本游戏设计办公 13代酷睿i7标压 16G 1TB 2.5K屏,1万+条评价,戴尔京东自营官方旗舰店
￥5088.00,HUAU MoteBook国行【酷睿i7+独显】笔记本电脑15.6英寸2024设计商务办公学生游戏手提轻薄本 【酷睿i7超能本】MoteBook Pro 32G运行+1T极速固态硬盘,2000+条评价,HUAU官方旗舰店
￥7499.00,惠普暗影精灵9 暗夜精灵16.1英寸游戏本AMD锐龙版高性能40系显卡笔记本电脑 R7-7840H 16G 512 4060 标配,1000+条评价,惠普路网专卖店
￥3799.00,ThinkPad联想ThinkBook14+锐龙版 可选2023款 小新轻薄办公笔记本电脑pro游戏本 R7-6800H 2.8K 16GB内存 512G固态 标配,2万+条评价,ThinkPad西南专卖店
￥5399.00,华为笔记本电脑MateBook 14 2023 13代酷睿版 i5 16G 1T 14英寸轻薄办公本/2K触控全面屏/手机互联 皓月银,20万+条评价,华为京东自营官方旗舰店
￥3299.00,京品电脑小米笔记本电脑 红米 RedmiBookPro 14英寸 2.5K高清屏 高性能轻薄本(R5 16G 512G 商务办公 长续航 全金属),20万+条评价,小米京东自营旗舰店
￥5788.00,HUAU MoteBook国行【酷睿i7+独显】笔记本电脑15.6英寸2024设计商务办公学生游戏手提轻薄本 【酷睿i7+独显2G电竞游戏本】MoteBook 32G运行+1T极速固态硬盘,2000+条评价,HUAU官方旗舰店
￥3519.00,华为（HUAWEI） 笔记本电脑 MateBook 13超轻薄本2K全面屏多屏协同商务性能办公学生本 皓月银 I5-1135G7/16G/512G/集显触屏,1万+条评价,华为新通路专卖店
￥1899.00,toposh迷你笔记本电脑10英寸英特尔小尺寸商务办公手提电脑超轻薄便携小型游戏本掌上大学生学习老师炒股家用 女神粉（便携办公随身本）（8G内存） 512G固态硬盘,18条评价,toposh笔记本旗舰店
￥4799.00,华硕无畏16 2023 13代酷睿i5标压 16英寸2.5K 144Hz高刷屏轻薄便携高性能笔记本电脑(i5-13500H 16G 1T）,5万+条评价,华硕京东自营官方旗舰店
￥8499.00,联想（Lenovo）拯救者R9000P 游戏笔记本电脑 16英寸专业电竞本(新R9-7945HX 16G 1T RTX4060显卡 2.5k 240Hz高色域)灰,5万+条评价,联想京东自营旗舰店
￥3990.00,戴尔（DELL）灵越15Pro 3530 15.6英寸全面屏学生便携办公游戏手提笔记本电脑高刷护眼轻薄本 12代酷睿 120HZ高刷护眼屏 16G内存 512G固态 定制,1万+条评价,戴尔（DELL）维克特睿专卖店
￥4999.00,机械革命（MECHREVO）极光Pro 12代英特尔酷睿i5 15.6英寸游戏本 笔记本电脑(i5-12450H 16G 512G RTX4050 165HZ ),10万+条评价,机械革命京东自营官方旗舰店
￥3159.00,华为（HUAWEI）MateBook E 12.6英寸 二合一 平板 笔记本电脑 商务办公 便携轻薄 学生 网课学习 星云灰 i5 8G 256G+原装键盘 Win11 Office 官方标配,5000+条评价,华为小酷克专卖店
￥5898.00,七彩虹（Colorful）将星X17-AT 17.3英寸 12代酷睿i7 游戏本笔记本电脑电竞本学生设计剪辑专业 16G/1T固态 I7-12650H+4060 星耀灰,2000+条评价,七彩虹电脑整机京东自营旗舰店
￥4999.00,爱心东东惠普星Book14/15【2023新款AMD锐龙7代】高性能笔记本轻薄便携全面屏大学生设计办公手提 热门星15：新R5-7520U丨DDR5丨DC调光 定制：16G内存丨1T高速固态,5000+条评价,惠普（HP）专卖店
￥2178.00,国行【2023款英特尔可选酷睿】金属笔记本电脑轻薄本大学生上网课设计学习商务办公游戏手提 玫瑰金-高配英特尔四核+12代 IPS屏窄边全面屏 16G运行+10,10万+条评价,HUWI旗舰店
￥5949.00,联想拯救者Y9000X 专业电竞游戏笔记本电脑p RTX光追独显 标压12代酷睿 12核i5 16G 512 3050Ti独显 标配 16英寸 2.5K超高清｜165Hz专业电竞屏,5万+条评价,联想华东授权专卖店
￥4799.00,小米笔记本电脑 红米 Redmi Book 16 2024 13代酷睿i5-13500H 2.5K-120hz高刷屏 轻薄本(i5 16G 1T office),2000+条评价,小米京东自营旗舰店
￥7199.00,Apple MacBook Air【教育优惠】13.3 8核M1芯片(7核图形处理器) 8G 256G SSD 深空灰 MGN63CH/A,20万+条评价,Apple产品京东自营旗舰店
￥10199.00,华硕天选5 Pro 待发布CPU 16英寸电竞游戏本 笔记本电脑(待发布CPU 16G 1T RTX4060 16:10 2.5K 165Hz高色域)灰,0条评价,华硕京东自营官方旗舰店
￥2999.00,京品电脑惠普HP 星14青春版 14英寸轻薄笔记本电脑(酷睿i5 16G 512G 锐炬显卡 惠小微语音助手 9h长续航)银色,2万+条评价,惠普京东自营官方旗舰店
￥3459.00,华为（HUAWEI） MateBook D14 笔记本电脑 14英寸 轻薄便携 高端商务办公本 高性能 英特尔 12代i5-1240P 16G 512G 深空灰 270米联网 | Win11| Off,500+条评价,华为小酷克专卖店
￥1568.00,【2023款英特尔+酷睿i7】15.6英寸笔记本电脑轻薄本网课设计学习商务办公游戏大学生手提 智能驼 青春版【11代英特尔】全面屏+抗蓝光 8G内存+256G固态,5万+条评价,智能驼数码旗舰店
￥4987.00,爱心东东惠普（HP） 星Book pro 14【13代酷睿】笔记本商务办公超轻薄便携金属女学生手提 银色：i7-13700H【锐炬Xe】2.8K高刷 标配：16G/1T固态/金属,1万+条评价,惠普（HP）山容专卖店
￥8999.00,华为（HUAWEI）笔记本电脑MateBook 14s 2023 英特尔Evo 13代酷睿标压i9 32G 1T 14.2英寸120Hz触控/轻薄本/手机互联 云杉绿,10万+条评价,华为京东自营官方旗舰店
￥6899.00,华为笔记本电脑MateBook 14 2023款 高性能轻薄本商务办公手提学生本13代酷睿 i7-1360P 32GB 1T 深空灰 2K触控屏+office,5000+条评价,华为康特专卖店
￥3999.00,ThinkPad联想ThinkBook 16 锐龙版 2023 16英寸轻薄办公学生笔记本电脑(R5-7530U 16G 1T 16:10 2.5K高分屏),1000+条评价,ThinkPad京东自营旗舰店
￥8699.00,ThinkPad 联想ThinkBook 16+ 13代英特尔Evo酷睿标压处理器 16英寸轻薄笔记本电脑 2.5K 【升级】i7-13700H 32G 独显 0KCD,2万+条评价,ThinkBook京东自营旗舰店
￥5699.00,惠普HP 星Book Pro 14英寸轻薄笔记本电脑(13代酷睿i7-13700H标压 16G 1TB 2.8K 90Hz OLED全感屏 硬件护眼)银,2万+条评价,惠普京东自营官方旗舰店
￥4600.00,惠普星Book14 2023超能本 14英寸办公学生轻薄笔记本电脑 13代i7 16G 1TB 高色域,200+条评价,惠普（HP）旗舰店
￥2598.00,国行【2023新品13代4K全面屏】笔记本电脑轻薄本游戏本学生商务商用办公本高性能高端超薄手提 高配冰川银【4K超清款英特尔13代指纹全面屏】 32G,2万+条评价,荣耀剑舞旗舰店
￥5999.00,ThinkPad 联想ThinkBook 16 2023 英特尔酷睿i5 i7 16英寸轻薄笔记本电脑 13代标压 i7-13700H 2.5K高色域 16G内存 1TB 固态硬盘 官方标配,1000+条评价,联想商用融合酷克专卖店
￥1299.00,海尔（haier）笔记本电脑超轻薄本便携手提电脑游戏本四核男女学生上网本窄边框商务远程办公专用超级本 【15.6英寸】升级英特尔四核8G内存+IPS屏 128,2万+条评价,海尔笔记本旗舰店
￥7799.00,华硕天选4 13代英特尔酷睿i7 15.6英寸游戏本 笔记本电脑(i7-13700H 16G 512G RTX4060 2.5K 165Hz P3广色域)青,5万+条评价,华硕京东自营官方旗舰店
￥2168.00,国行【2023款英特尔可选酷睿】金属笔记本电脑轻薄本大学生上网课设计学习商务办公游戏手提 英特尔四核+11代 IPS屏窄边全面屏+抗蓝光 32G运行+512G超,10万+条评价,HUWI旗舰店
￥6699.00,惠普（HP）战66六代 酷睿14英寸轻薄笔记本电脑(英特尔13代高性能 i7 32G 1T RTX2050 高色域低功耗 AI新体验 一年上门),20万+条评价,惠普京东自营官方旗舰店
￥2550.00,樱本【2023英特尔+酷睿i7独显】笔记本电脑触屏4K超清高刷高性能指纹解锁商务办公设计学生游戏手提 【5W+已购买】13代（高刷144hz)超性能本 32G运,5万+条评价,樱本旗舰店
￥4599.00,惠普（HP）战66 六代 锐龙版 锐Pro 2023款高性能轻薄本笔记本电脑商务办公家用学生设计手提定制 六代/15.6英寸 R7-7730U 高色域 32G | 1T固态 | 长续航+享一年上门,500+条评价,惠普旭腾专卖店
￥4799.00,惠普HP 星Book Pro 14英寸轻薄笔记本电脑(13代酷睿i5-13500H标压 16G 1TB 2.2K高色域高分屏 指纹背光)银,2万+条评价,惠普京东自营官方旗舰店
￥7799.00,戴尔（DELL）游匣G15 15.6英寸游戏本 笔记本电脑(13代酷睿i7-13650HX 16G DDR5 1TB RTX4060 2.5K 240Hz)黑,10万+条评价,戴尔京东自营官方旗舰店
￥1480.00,戴睿（dere）2023款高颜值V14金属笔记本电脑 轻薄便携学生商务办公设计编辑家用网课游戏手提 英特尔 8G+256G 樱花粉,2000+条评价,DERE戴睿京东自营旗舰店
￥9999.00,ROG魔霸7 Plus 17.3英寸 锐龙9 游戏本笔记本电脑(R9 7945HX 液金导热 16G 1T RTX4060 240Hz P3广色域),5万+条评价,玩家国度ROG京东自营官方旗舰店
￥2238.00,爱心东东【2023英特尔+酷睿i7独显】国行4K金属笔记本电脑超薄指纹解锁商务办公设计学生游戏系能手提 英特尔12代 【粉色女神本】 +指纹解锁+ 超薄款 32G,5万+条评价,系能旗舰店
￥4999.00,惠普（HP） 星15青春系列【2023款】12代酷睿15.6英寸高性能轻薄本笔记本电脑,5000+条评价,惠普笔记本授权专卖店
￥1079.00,拍拍联想（Lenovo）二手笔记本电脑小新Air/Pro 14/15寸设计制图 网课学习 商务办公轻薄本 9成新I5-8G-256G固态-HD显卡 办公网课,5000+条评价,星晟二手电脑专营店
￥1198.00,荣耀剑舞大学生办公本国行2023新品英特尔12代高性能高颜值14英寸笔记本电脑轻薄本商务学习上网课手提 银色【14英寸2K超清屏办公轻薄本】 16GB,5000+条评价,荣耀剑舞旗舰店
￥6199.00,惠普（HP）暗影精灵9 16.1英寸游戏本 笔记本电脑(R7-7840H RTX4060 16G 512GB 165Hz),1万+条评价,惠普（HP）OMEN暗影精灵京东自营旗舰店
￥4338.00,系能13代英特尔酷睿I7独显笔记本电脑设计游戏本高性能全新办公轻薄直播学生学习商务I9手提 酷睿 i7-12代【十二核】+4G独显 顶配 32G超速运行+1TB,2000+条评价,系能旗舰店
￥4999.00,爱心东东惠普（hp）星book系列青春版【13代酷睿】高性能轻薄笔记本手提电脑大学生办公便携商务男女网课设计本 【热门】星15青春版：i5-1135g7丨高清屏 16g内,2000+条评价,惠普（HP）专卖店
￥6699.00,ThinkPad 联想ThinkBook 14+ 13代英特尔Evo酷睿标压处理器 轻薄笔记本电脑2.8K 90Hz 【升级】i5-13500H 32G 1T 0NCD,1万+条评价,ThinkBook京东自营旗舰店
￥2475.00,机械革命（MECHREVO）无界14+/14Pro(R7-7840HS 16G 1T 2.8K 120Hz )轻薄本办公本 无界14-R5-5560U/FHD/60Hz 【官方标配】16G/NV,5000+条评价,机械革命博创福兴专卖店
￥2588.00,爱心东东【2023英特尔+酷睿i7独显】国行4K金属笔记本电脑超薄指纹解锁商务办公设计学生游戏系能手提 英特尔12代 【2.5K165HZ】+游戏设计力推 32G高速运行+1,5万+条评价,系能旗舰店
￥959.00,拍拍联想（Lenovo)二手笔记本电脑小新 Air/pro 13/14/15.6寸 轻薄商务制图办公本 9成新酷睿i5-8G-256G固态-办公推荐 .,2万+条评价,至上优品二手电脑专营店
￥1948.00,爱心东东【2023英特尔+酷睿i7独显】国行4K金属笔记本电脑超薄指纹解锁商务办公设计学生游戏系能手提 英特尔12代 【游戏设计】+指纹解锁+抗蓝光 16G+512G,5万+条评价,系能旗舰店
￥1899.00,京品电脑宏碁(Acer)笔记本电脑 15.6英寸轻薄本商用办公本学生本(英特尔四核N5100 8G 256G 防蓝光 Win11),1万+条评价,宏碁商用京东自营旗舰店
￥5299.00,ThinkPad联想ThinkBook 16+ 12代英特尔酷睿处理器16英寸大屏轻薄笔记本 i5-12500H 16G 4G独显 08CD,5000+条评价,ThinkPad京东自营官方旗舰店
￥2218.00,拍拍华硕（ASUS）天选2/3 二手笔记本 飞行堡垒 15.6寸高性能独显电竞吃鸡游戏本电脑 95新F:I5-7300/16G/1050大型通杀,5000+条评价,新茂二手电脑专营店
￥4899.00,惠普（HP）锐Pro 14英寸轻薄笔记本电脑(标压锐龙 八核R7-7840H 高频16G 1T 2.5K 120Hz高色域 长续航 AI新体验 高性能),5000+条评价,惠普京东自营官方旗舰店
￥3499.00,联想笔记本电脑 V14 2023酷睿i5 14英寸全能办公学习娱乐轻薄本(i5-12500H 16G 512G WiFi6 IPS高清屏),2000+条评价,联想商用京东自营旗舰店
￥1508.00,国行【2023款英特尔可选酷睿】金属笔记本电脑轻薄本大学生上网课设计学习商务办公游戏手提 英特尔四核+11代 IPS屏窄边全面屏+抗蓝光 8G运行+256G超,10万+条评价,HUWI旗舰店
￥6799.00,华硕天选4 锐龙版 15.6英寸高性能电竞游戏本 笔记本电脑(新R7-7735H 16G 512G RTX4060 144Hz高色域电竞屏)青,20万+条评价,华硕京东自营官方旗舰店
￥3459.00,HONOBONO2023款英特尔13代笔记本电脑商务办公本独显轻薄本大学生设计师高性能电竞游戏本男女生高颜值超薄手提 Intel 13代轻薄本 IPS高清护眼 粉色 32G 2TBSSD,500+条评价,HONOBONO旗舰店
￥4299.00,机械革命（MECHREVO）无界14Pro (i7-13620H 16G 1T 120Hz 2.8K 高色域)轻薄本办公商务本游戏本,1万+条评价,机械革命京东自营官方旗舰店
￥7999.00,ThinkPad 联想 P15v 英特尔酷睿i7 15.6英寸高性能工作站（i7-12700H 16G 512G T600 高色域）商务办公本,5000+条评价,ThinkPad京东自营旗舰店
￥4959.00,HONOBONO 电竞游戏本12代酷睿i7 i9+RTX3060 6G独立显卡绘图设计师本大学生高性能独显 i7-10750H+RTX3060 2.5K超高清 16G+512G SSD 16,83条评价,HONOBONO旗舰店
￥5299.00,Apple MacBook Air 13.3 八核M1芯片(7核图形处理器) 8G 256G SSD 深空灰 笔记本电脑,1000+条评价,Mac电脑数码京喜直营专区
￥8199.00,华为（HUAWEI）笔记本电脑MateBook 14s 2023 英特尔Evo 13代酷睿标压i7 32G 1T 14.2英寸120Hz触控/轻薄本/手机互联 云杉绿,10万+条评价,华为京东自营官方旗舰店
￥1799.00,toposh迷你笔记本电脑10.1英寸英特尔超轻薄掌上电脑商务办公小尺寸小型口袋便携手提大学生2024排行版金榜 玫瑰金（便携办公编程本）8G内存 128G固态硬盘,3条评价,toposh笔记本旗舰店
￥5299.00,惠普(HP)战99 4nm锐龙 15.6英寸高性能笔记本AI电脑设计师本 R7-7840HS 16G 1TBSSD 2.5K120Hz屏,2万+条评价,惠普京东自营官方旗舰店
￥6399.00,华为笔记本电脑MateBook 14s 2023 英特尔Evo 13代酷睿标压 i5 16G 1T 14.2英寸120Hz触控/轻薄本/手机互联 灰,10万+条评价,华为京东自营官方旗舰店
￥3199.00,宏碁(Acer)2023款A515 13代酷睿i5 15.6英寸轻薄高性能金属笔记本电脑 学生商用办公本(i5 16G 512G Office),2000+条评价,宏碁商用京东自营旗舰店
￥3199.00,联想笔记本电脑 2023高性能六核锐龙R5小新品超轻薄本 V15.6英寸大屏办公设计学生游戏手提本 六核R5-5500U 16G内存 512G高速固态 满血显卡 FHD全高清屏 精,5000+条评价,联想福本专卖店
￥1390.00,戴睿（dere）【网红热荐】14英寸ips屏高颜值笔记本电脑轻薄便携学生游戏商务办公网课学习（英特尔 8G 256G）星空银,1000+条评价,DERE戴睿京东自营旗舰店
￥5799.00,惠普（HP） EliteBook840G8 14英寸高性能轻薄商用办公笔记本电脑 i5-1145G7 16G内存 512G固态 win10 Pro专业版系统 三年服务,39条评价,惠普先锋专卖店
￥10999.00,ThinkPad联想ThinkBook 16p 英特尔 酷睿i9 16英寸高性能轻薄游戏创作本 13代i9-13900H 32G 1T RTX4060 3.2K 165Hz,1万+条评价,ThinkPad京东自营旗舰店
￥3688.00,戴尔（dell）笔记本电脑粉色14英寸灵越14pro轻薄本超极本女大学生独显游戏本商务办公全能本手提成就3420 初恋粉 | 14pro装粉壳【14英寸】 进阶：i5,2000+条评价,戴尔双桔专卖店
￥3488.00,HUAU MoteBook国行【酷睿i7+独显】笔记本电脑15.6英寸2024设计商务办公学生游戏手提轻薄本 【14代英特尔】2.5K超清16.1大屏 16G运行+1T极速固态硬盘,2000+条评价,HUAU官方旗舰店
￥4688.00,爱心东东【2023英特尔+酷睿i7独显】国行4K金属笔记本电脑超薄指纹解锁商务办公设计学生游戏系能手提 英特尔酷睿I7 11代 游戏独显款+多开不卡顿 32G高速,5万+条评价,系能旗舰店
￥5087.00,华为（HUAWEI）MateBook 14 笔记本电脑 14英寸 高端办公 商务轻薄学生本 手提 全面屏 12代酷睿 i7-1260P 16G 512G 深空灰 2K触控全面屏 | Win11 |,1000+条评价,华为小酷克专卖店
￥5999.00,惠普（HP）星Book Pro16【2023旗舰新品】EVO 16.1英寸笔记本设计手提轻薄本大学生办公 i7-13700H 锐炬xe显卡 2.5k屏 【定制】16G内存 2T固态 120hz刷新,500+条评价,惠普圣东方国信专卖店
￥5399.00,惠普HP 星Book Pro 16英寸大屏轻薄笔记本电脑(13代酷睿i5-13500H 16G 1TB 2.5K 120HzVRR 400尼特 EVO认证)银,1万+条评价,惠普京东自营官方旗舰店
￥7399.00,七彩虹（Colorful）将星X15-AT 13代英特尔酷睿i9 15.6英寸游戏本 笔记本电脑(i9-13900HX 16G 512G RTX4060 165Hz 2.5K）雷震紫,2000+条评价,七彩虹（Colorful）电脑官方京东自营旗舰店
￥2729.00,拍拍联想（Lenovo) 拯救者15.6寸Y7000/ R9000P高刷电竞吃鸡设计游戏本二手 95新 i7-7700H-GTX1050Ti吃鸡款 16G内存+512G固态,5万+条评价,新茂二手电脑专营店
￥4798.00,机械师曙光16Air锐龙版 16英寸游戏本 轻薄办公学生笔记本电脑(新R7-7840H 32G 512G 2.5K )曙光白,2000+条评价,机械师京东自营官方旗舰店
￥2939.00,网课电脑学生办公设计笔记本电脑 【性能版】i5-12450H 8G 512G固态 核心显卡丨金属机身丨IPS全面屏,200+条评价,联想华中授权专卖店
￥5899.00,华硕天选3 12代英特尔酷睿 15.6英寸游戏本 笔记本电脑 灰色i5-12500H RTX3050-4G独显 官方标配 16G内存+512G固态,2000+条评价,华硕谦恒满溢专卖店
￥3499.00,荣耀笔记本电脑MagicBook X 14 2023 英特尔酷睿标压i5 16G 1T 100%sRGB高色域 轻薄本 大电池 手机互联,2万+条评价,荣耀京东自营旗舰店
￥1308.00,拍拍戴尔DELL 二手笔记本电脑灵越成就14/15.6寸轻薄便携 制图设计商务办公网课学习高配独显游戏本 【店长力荐】i7-16G+1TB固态 9成新,2000+条评价,盘古二手电脑专营店
￥3449.00,联想（Lenovo）小新轻薄本 锐龙版 超轻薄笔记本电脑 小新14/14英寸/锐龙6核R5 16G 512G,2000+条评价,联想京东自营官方旗舰店
￥1998.00,爱心东东HUAV国行【2023款英特尔可选酷睿】金属笔记本电脑轻薄本大学生上网课设计学习商务办公游戏手提 高配英特尔四核+13代 IPS屏窄边全面屏+抗蓝光 16G运,2万+条评价,HUAV官方旗舰店
￥3749.00,荣耀（HONOR） MagicBook X14-X16pro锐龙版超轻薄便携笔记本电脑商务办公学生游戏本 X16Pro R7-7840HS 16G 512G,5000+条评价,荣耀方和专卖店
￥5099.00,宏碁（acer）非凡Go14/16 非凡Go Pro Plus 酷睿i5标压高色域高刷屏轻薄电脑手提高性能 i5-13500H/16英寸OLED屏3.2K灰色 16G内存 512G固态硬盘,100+条评价,宏碁宏萌专卖店
￥5599.00,惠普【新年补贴款】全新星book15高性能版笔记本电脑15.6英寸大屏超轻薄学生商务办公游戏设计手提 升级：新13代i7 32g 1t pcie固态 独显级显卡丨ips全高,1万+条评价,惠普汇通专卖店
￥3178.00,荣耀笔记本电脑MagicBook X 14轻薄本手提商务办公超级本 冰河银 i5-12450H 16GB+1TB 官方标配,1万+条评价,荣耀千百回专卖店
￥6299.00,惠普（HP）战66 六代酷睿15.6英寸轻薄笔记本电脑(英特尔13代高性能i5 32G 1T RTX2050 2.5K屏120Hz AI新体验 一年上门),20万+条评价,惠普京东自营官方旗舰店
￥800.47,拍拍联想(lenovo) 二手笔记本电脑小新Thinkpad14/15.6寸轻薄设计办公家用游戏本95新 i5 8G 128G+500G 独显 高性价比,500+条评价,羽枫二手电脑专营店
￥1698.00,国行【2023新品13代4K全面屏】笔记本电脑轻薄本游戏本学生商务商用办公本高性能高端超薄手提 高配玫瑰金【英特尔13代+指纹+全面屏】 16GB运存+2,2万+条评价,荣耀剑舞旗舰店
￥4999.00,华硕无畏Pro15 2.8K OLED屏高性能轻薄本办公学习学生商用游戏笔记本电脑手提本 Pro15 标压R7-5800H 2.8K高刷屏 16G内存 512G固态,5000+条评价,华硕雅克嘉博专卖店
￥2529.00,拍拍华为HUAWEI二手笔记本MateBook13/xpro触屏2K全面屏 便携二手 华为：I5-8250-8G-512G固态-独显 95成新,5000+条评价,新开映二手电脑专营店
￥5599.00,华为笔记本电脑MateBook D 14 2023 13代酷睿版 i7 16G 1T/轻薄办公本/14英寸护眼全面屏/手机互联 皓月银,2万+条评价,华为京东自营官方旗舰店
￥1599.00,UHAW 国行【2023款13代酷睿触控本】金属笔记本电脑轻薄本大学生上网课游戏办公设计商务手提 13代高配银【指纹+护眼屏】 16G运行+256G超速固态,2万+条评价,UHAW旗舰店
￥5999.00,联想笔记本电脑小新Pro16轻薄本 13代英特尔酷睿i7 16英寸超能本(标压i7 16G 1T 2.5K 120Hz)灰 商务办公游戏,20万+条评价,联想京东自营旗舰店
￥2899.00,惠普（HP）星book 14青春版大学生手提办公 14英寸轻薄大屏笔记本电脑 酷睿i5-1135G7 16G+512G固态丨标配,1000+条评价,惠普百诚速达专卖店
￥2659.00,HONOBONO2023款英特尔13代笔记本电脑商务办公本独显轻薄本大学生设计师高性能电竞游戏本男女生高颜值超薄手提 Intel 13代轻薄本 IPS高清护眼 粉色 16G 1TBSSD,500+条评价,HONOBONO旗舰店
￥1580.00,国行【2023款英特尔可选酷睿】金属笔记本电脑轻薄本大学生上网课设计学习商务办公游戏手提 高配英特尔四核+12代 IPS屏窄边全面屏+抗蓝光 8G运行+256,10万+条评价,HUWI旗舰店
￥2879.00,HONOBONO【2024新款】商用笔记本电脑商务办公本高性能轻薄本大学生学习专用小巧便携式小尺寸超薄手提男女高颜值 Intel 13代超薄本 15.6英寸 粉色女生,30条评价,HONOBONO旗舰店
￥5299.00,戴尔（DELL） 灵越14Plus 14英寸笔记本高性能创作绘图本游戏轻薄本7420电脑商务 12代i5标压/16G/512G/RTX3050,500+条评价,戴尔京东自营旗舰店
￥1699.00,神舟(HASEE)优雅X4D2 14英寸轻薄办公笔记本电脑(5205U 8G 256G SSD IPS),2万+条评价,神舟电脑京东自营旗舰店
￥1799.00,acer宏碁 性价比 高颜值 14英寸轻薄办公商务网课笔记本电脑(N5100 8G 512G固态 全高清防眩光屏)定制,5000+条评价,天翼电信智能京东自营旗舰店
￥3899.00,惠普（HP）锐15 250 G9 15.6英寸Intel酷睿版 轻薄便携商务办公学习网课笔记本电脑 【灰色】i5-1240P高色域 锐距XE显卡 8G内存 512G固态 【定制版】,100+条评价,惠普先锋专卖店
￥10299.00,联想拯救者Y9000P 2023电竞游戏笔记本电脑 满血RTX4060 8G独显可选 旗舰标压13代酷睿 i9-13900HX 32G 1T 4060升级 16英寸 2.5K超高清｜240Hz专业电竞,20万+条评价,联想华东授权专卖店
￥2799.00,拍拍华为HUAWEI二手笔记本MateBook13/14/15 xpro触屏2K全面屏便携二手 9】mate14 i5八代8G 512G 2K全屏 95成新,1万+条评价,涵仰二手电脑专营店
￥1858.00,拍拍荣耀HONOR二手笔记本MagicBook14/15/16寸全面高分屏轻薄商务办公学习二手 95新荣耀r5-3500u 8g 256g 高分屏,2000+条评价,天织二手电脑专营店
￥4316.00,小米笔记本电脑 Redmi Book 14 12代酷睿i7 Evo认证 2.8K-120hz高刷屏 高性能轻薄本(i7-12700H 16G 512G）灰,5万+条评价,小米京东自营旗舰店
￥3788.00,HUAU MoteBook国行【酷睿i7+独显】笔记本电脑15.6英寸2024设计商务办公学生游戏手提轻薄本 【14代英特尔】2.5K超清16.1大屏 32G运行+1T极速固态硬盘,2000+条评价,HUAU官方旗舰店
￥5999.00,惠普（HP）星Book Pro16【2023旗舰新品】EVO 16.1英寸笔记本设计手提轻薄本大学生办公 i7-13700H 锐炬xe显卡 2.5k屏 【定制】16G内存 2T固态 120hz刷新,500+条评价,惠普圣东方国信专卖店
￥8799.00,联想笔记本电脑YOGAPro14s轻薄本 13代酷睿i9 14.5英寸商务本(i9-13900H 32G 1T 3K高刷触控屏)日光映潮 办公学生,5000+条评价,联想京东自营旗舰店
￥2988.00,HUAU MoteBook国行【酷睿i7+独显】笔记本电脑15.6英寸2024设计商务办公学生游戏手提轻薄本 【13代英特尔】2.5K超清16.1大屏 32G运行+256G极速固态硬盘,2000+条评价,HUAU官方旗舰店
￥7999.00,戴尔（DELL） 灵越16Plus 全新16英寸12代高性能轻薄本3K绘图7620游戏笔记本电脑 12代i7/32G/1T/RTX3060,1000+条评价,戴尔京东自营旗舰店
￥1249.00,拍拍微软Surface Pro3/4/5/6/7二合一平板笔记本电脑12.3寸触屏预装windows10 Pro4(i5/8G-256G【含原装键盘】95新,2000+条评价,秒拍优品二手电脑专营店
￥6999.00,宏碁（acer）掠夺者·擎Neo 16英寸2.5K电竞游戏本 13代酷睿i5-HX 工作站级笔记本电脑(14核i5-13500HX 16G 512G RTX4060),10万+条评价,宏碁京东自营旗舰店
￥5559.00,HONOBONO 2023新款英特尔13代酷睿I7独显笔记本电脑轻薄本商务办公本大学生手提设计师本独立显卡游戏本 酷睿I9+RTX3060 6G独显2.5K护眼 【热选】16G运行内存 512G固,1万+条评价,HONOBONO旗舰店
￥1399.00,爱心东东夏新（AMOI）国行【2023英特尔+酷睿i7独显】笔记本电脑商务办公本轻薄便携学生设计学习网课指纹解锁游戏手提 【轻薄】商务/办公IPS屏/指纹解锁,200+条评价,夏新笔记本旗舰店
￥4997.00,七彩虹（Colorful）隐星P15/将星X15升级15.6英寸4050/4060满血游戏本学生设计AI视频制作手提 i5-12450H/RTX4060/144HZ电竞 16G内存/512G,5000+条评价,七彩虹游戏本旗舰店
￥1130.00,爱心东东独显】15.6英寸4K笔记本电脑轻薄网课办公集成显卡游戏本大学生手 流光银丨高配英特尔四核12代+IPS全面屏+抗蓝光 12G内存+256G固态硬盘,2万+条评价,白罗秋雨电脑整机专营店
￥2298.00,拍拍联想（Lenovo) 拯救者15.6寸Y7000/ R9000P高刷电竞吃鸡设计游戏本二手 95新 I7-标压 GTX960 游戏通杀 16G内存+512G固态+1T机械,5万+条评价,新茂二手电脑专营店
￥10499.00,ROG幻16 2023 第13代英特尔酷睿i9 16英寸 星云屏 设计师轻薄高性能游戏本笔记本电脑(i9-13900H 16G 1T RTX4060 2.5K 240Hz P3广色域)灰,2万+条评价,玩家国度ROG京东自营官方旗舰店
￥5199.00,戴尔灵越15pro 13代i7高性能轻薄本,200+条评价,戴尔华屹荣辉专卖店
￥4878.00,玩家战神玩家战神RTX3060独显笔记本电脑游戏本骨灰级12代酷睿i9高端学生PS设计高刷大屏电竞本 11代酷睿i7-RTX3060满血独显 16G内存/512G PCI-E固态硬盘,1万+条评价,玩家战神笔记本官方旗舰店
￥8249.00,雷神Zero2023 911 16英寸游戏本 笔记本电脑(13代酷睿24核i9-13900HX 16G DDR5 512G RTX4060满血 240Hz 2.5K屏),1万+条评价,雷神京东自营官方旗舰店
￥6199.00,ThinkPad E16 2023 酷睿i5 联想16英寸轻薄便携笔记本电脑(13代i5-13500H 32G 1TB 2.5K IR摄像头)商务办公学生本,2万+条评价,ThinkPad京东自营旗舰店
￥3898.00,国行【2023款英特尔可选酷睿】金属笔记本电脑轻薄本大学生上网课设计学习商务办公游戏手提 顶配版酷睿i7 11代全能本+窄边屏+背光+指纹锁 32G运行+51,10万+条评价,HUWI旗舰店
￥1599.00,拍拍联想（Lenovo)二手笔记本电脑小新 Air/pro 13/14/15.6寸 轻薄商务制图办公本 95新设计绘图i5-6200 16G 512G独显 .,2万+条评价,至上优品二手电脑专营店
￥4928.00,HUWI【2024款酷睿十三代英特尔+独显】金属笔记本手提电脑商务超薄办公大学生学习设计全能游戏本 英特尔酷睿i7+3060独立显卡超能游戏本 16G运存 512G疾速固态硬盘,2000+条评价,HUWI旗舰店
￥3449.00,ThinkPad联想Thinkbook 14 2023款八核锐龙R7商务办公学生轻薄笔记本电脑 标配R7-7730U 16G内存 512G固态 支持指纹识别 高色域屏幕,69条评价,联想商用众选融合专卖店
￥4999.00,ThinkPad 联想ThinkBook14/16 13代英特尔酷睿 商务轻薄笔记本电脑 2023新品 16英寸：i5-13500H 16G 1T6LCD,2000+条评价,ThinkBook京东自营旗舰店
￥778.00,拍拍联想（ThinkPad）X390 X1carbon 二手笔记本电脑 手提轻薄商务办公ibm官方质检 X230 i5 8G 120G固态+500G 热推,5万+条评价,悦企二手商品专营店
￥13499.00,惠普（HP）战99 23款15.6英寸高性能笔记本AI电脑设计师本工作站13代英特尔酷睿i7-13700H 32G 1TSSD RTX2000Ada 2.5K屏,2万+条评价,惠普京东自营官方旗舰店
￥3328.00,樱本【2023英特尔+酷睿i7独显】笔记本电脑触屏4K超清高刷高性能指纹解锁商务办公设计学生游戏手提 【电竞款】8核R7同比酷睿i9性能 32G运行内存+,5万+条评价,樱本旗舰店
￥5599.00,联想ThinkBook 16+ 2023AMD锐龙标压笔记本,1万+条评价,ThinkPad京东自营旗舰店
￥2166.00,拍拍联想（Lenovo)二手笔记本电脑小新 Air/pro 13/14/15.6寸 轻薄商务制图办公本 95新大型软件i7-7500 16G 512G独显 .,2万+条评价,至上优品二手电脑专营店
￥5899.00,惠普（HP）战66六代 酷睿14英寸轻薄笔记本电脑(英特尔13代高性能长续航 i7 32G 1T 高色域低功耗屏 AI新体验 一年上门),20万+条评价,惠普京东自营官方旗舰店
￥4088.00,玩家战神锐龙R7-7840HS轻薄笔记本电脑2.5K/165Hz高刷屏大屏高性能设计办公游戏全能本 R7-7840HS-2.5K屏-100W氮化镓快充 16G内存+512G-PCIE高速固态硬盘,500+条评价,玩家战神笔记本官方旗舰店
￥2958.00,荣耀（HONOR） MagicBook 14笔记本电脑超轻薄便携商务办公大学生学习本游戏本 X14 酷睿i5-12450H 16G 512G,1万+条评价,荣耀方和专卖店
￥2499.00,拍拍华为二手笔记本电脑Matebook 13/14/15.6英寸轻薄本 95新②【力荐】i5-7200独显 8G+512G 95成新,200+条评价,飞飞二手电脑专营店
￥3249.00,惠普（HP） 惠普星Book14青春版轻薄学生办公商务笔记本电脑14英寸 i5-1135G7/16G/512G/集显/银,1万+条评价,惠普中国京东自营官方旗舰店
￥4444.00,联想（Lenovo）小新Pro14 22/23款超能轻薄本14英寸2.8K屏英特尔酷睿i5/i7笔记 i5-13500H 16G 1T 灰 标配,500+条评价,联想一维螺旋专卖店
￥3998.00,国行【2023新品13代4K全面屏】笔记本电脑轻薄本游戏本学生商务商用办公本高性能高端超薄手提 顶配酷睿I7 四核八线程全能本+指纹+窄边屏 32GB运,2万+条评价,荣耀剑舞旗舰店
￥3699.00,联想笔记本电脑 2023小新品酷睿i5超轻薄本 s14英寸商务设计办公游戏学生手提本 i5-1155G7 16G内存 512G固态丨升级 游戏级锐炬显卡 IPS全高清屏 WiFi6 皓月银,1万+条评价,联想商用丽邦专卖店
￥1197.00,拍拍联想（Lenovo)小新 Air/pro 编程设计制图 直播游戏商务办公 二手笔记本电脑 95新【 店长主推】i7-16G-1TB固态-独显,2000+条评价,琅琊二手电脑专营店
￥1619.00,拍拍华硕（ASUS)二手笔记本 13/14/15.6寸大屏幕网课学习 轻薄便携商务办公 独立显卡游戏 i7-6500-16G-512G-独显高配95新,2万+条评价,琅琊二手电脑专营店
￥3794.00,机械师曙光16Air 16英寸2.5K锐龙R7-7735H标压轻薄本120Hz高色域笔记本电脑全能本 耀夜灰 DDR5 16G/512G PCIE4.0,2000+条评价,机械师京东自营旗舰店
￥2448.00,爱心东东【2023英特尔+酷睿i7独显】国行4K金属笔记本电脑超薄指纹解锁商务办公设计学生游戏系能手提 英特尔12代 【4K高清款】超性能本+指纹解锁 16G+1T超,5万+条评价,系能旗舰店
￥4399.00,华为笔记本电脑MateBook D 14 2023 13代酷睿版 i5 16G 512G/轻薄办公本/14英寸护眼全面屏/手机互联 深空灰,2万+条评价,华为京东自营官方旗舰店
￥4999.00,爱心东东惠普（HP）星Book15青春版【2023旗舰新款】15.6英寸笔记本高性能轻薄本学生女生便携家用办公手提 12核酷睿i5-1240P/16G/512G 热门 高清全面屏/DC调光,5000+条评价,惠普笔记本授权专卖店
￥7299.00,七彩虹（Colorful）将星X15-AT 13代英特尔酷睿i7 15.6英寸游戏本 笔记本电脑(i7-13650HX 16G 1TB RTX4070 165Hz 2.5K）星耀灰,2万+条评价,七彩虹（Colorful）电脑官方京东自营旗舰店
￥1498.00,LENO【2023新款英特尔13代+酷睿i7办公游戏本】笔记本电脑超轻薄本大学生商务本金属全新手提 英特尔13代升级疾速版+IPS护眼高清+指纹-银 16G,2万+条评价,LENO电脑办公旗舰店
￥4599.00,联想笔记本易系列E 15.6英寸八核旗舰高性能轻薄本2023锐龙R7商用办公大学生游戏设计师本手提 15.6英寸+撞色背光键盘｜16线程 R7 【升级】24G内存 1T大固态 带office,1万+条评价,联想电脑办公京东自营旗舰店
￥5599.00,ThinkPad联想ThinkBook 14+ 2023 AMD锐龙标压笔记本电脑 14英寸标压轻薄办公本R7-7840H 32G 1TB SSD 2.8K 90Hz,1万+条评价,ThinkPad京东自营旗舰店
￥5488.00,联想(Lenovo)小新Pro16大屏设计办公轻薄笔记本电脑标压锐龙 旗舰R7-7840HS 32G 1TB标配 16英寸｜2.5K超清｜120Hz高刷,20万+条评价,联想西南授权专卖店
￥1599.00,拍拍华为HUAWEI二手笔记本MateBook13/14/15 xpro触屏2K全面屏便携二手 14】Mgc R5-2500U 8G 256G固态 95成新,1万+条评价,涵仰二手电脑专营店
￥2048.00,爱心东东【2023英特尔+酷睿i7独显】国行4K金属笔记本电脑超薄指纹解锁商务办公设计学生游戏系能手提 英特尔12代 【粉色女神本】 +指纹解锁+ 超薄款 16G+5,5万+条评价,系能旗舰店
￥4099.00,联想笔记本电脑 2023旗舰酷睿i5 14英寸轻薄本高性能商用办公学生设计手提本 定制 酷睿i5 24G内存 1T大固态 高速固态 千兆网口直连 一年上门,2000+条评价,联想电脑办公京东自营旗舰店
￥15688.00,VAIO SX12 进口轻薄笔记本电脑 12.5英寸 13代酷睿 Win11 (i7-1360P 16G 512GB SSD FHD) 樱花粉,500+条评价,VAIO京东自营旗舰店
￥3899.00,小米笔记本电脑 红米 Redmi Book 14 12代酷睿i5 2.8K-120hz高刷屏 高性能轻薄本(i5-12500H 16G 512G office)灰,5万+条评价,小米京东自营旗舰店
￥1269.00,拍拍小米MI/redmibook Air/Pro 13/14/15寸轻薄窄边框全面屏二手笔记本 19款：i3-8代-4G-128G高分屏,5000+条评价,新开映二手电脑专营店
￥4799.00,ThinkPad联想ThinkBook 14+ 2023 AMD锐龙标压笔记本电脑 14英寸标压轻薄办公本R7-7735H 32G 512G SSD 2.8K 90Hz,1万+条评价,ThinkPad京东自营旗舰店
￥4488.00,联想小新Pro16 2023款轻薄超能本16英寸高性能设计办公游戏笔记本电脑八核锐龙标压2.5K高刷屏 标配：R7-7735HS 16G内存 1T固态,100+条评价,联想授权专卖店
￥5699.00,华为笔记本电脑MateBook D16 2023 13代酷睿版 i5 16G 1T/轻薄商务办公本/16英寸护眼全面屏/手机互联 皓月银,1万+条评价,华为京东自营官方旗舰店
￥4000.00,玩家战神英特尔酷睿i5桌面级满血笔记本电脑GTX1650独显游戏本高配置电竞轻薄学生 10代i5-10400-GTX1650满血独显 16G内存 512G PCI-E高速固态,200+条评价,玩家战神笔记本官方旗舰店
￥3999.00,荣耀（HONOR）荣耀笔记本电脑MagicBook V14 2.5K触控屏便携轻薄本游戏学生设计商务办公 i5-16G+512G集显 灰 触摸屏,2万+条评价,京东电竞官方旗舰店
￥8499.00,戴尔（DELL）游匣G16 2.5K 16英寸游戏本 笔记本电脑(13代酷睿i7HX 16G DDR5 1TB RTX4060 165Hz 外星人散热)黑,10万+条评价,戴尔京东自营官方旗舰店
￥2188.00,拍拍惠普光影精灵5暗影精灵6二手笔记本电脑游戏本15.6寸高刷电竞屏3060暗夜精灵 ⑧i7-7700 1050Ti 16/512G高配 95成新,1000+条评价,优品精选二手笔记本专营店
￥1230.00,爱心东东独显】15.6英寸4K笔记本电脑轻薄网课办公集成显卡游戏本大学生手 流光银丨高配英特尔四核13代+指纹解锁+窄边全面屏 8G内存+128G固态硬盘,2万+条评价,白罗秋雨电脑整机专营店
￥8499.00,ThinkPad X1 Carbon 酷睿i5 14英寸高端轻薄笔记本电脑(酷睿i5-1240P 16G 512G/4G版/2.2K) vPro 商务办公学生本,2万+条评价,ThinkPad京东自营旗舰店
￥6999.00,华为笔记本电脑matebookD16 2024D16SE商务办公轻薄本13代英特尔16英寸设计师手提 灰色i9-13900H 16G+1TB 集显,1000+条评价,JDG官方旗舰店
￥8799.00,联想拯救者R9000P 2023电竞游戏笔记本电脑y 满血RTX4060独显8G 新旗舰锐龙 R9-7945HX 16G 1TB 碳晶灰 标配 16英寸 2.5K超高清｜240Hz专业电竞屏,10万+条评价,联想华东授权专卖店
￥869.00,中柏（Jumper） EZbook S5笔记本电脑轻薄本 win11商务办公手提学生网课游戏本 （S5 Go）N4020/6G+128G固态,1万+条评价,中柏旗舰店
￥3289.00,戴睿（dere）幻影GT 超能16英寸英特尔酷睿i9 笔记本电脑2.5K屏轻薄便携设计商务办公学生网课游戏电竞本 16G/512G/魅影灰,500+条评价,DERE戴睿京东自营旗舰店
￥7199.00,Apple MacBook Air【教育优惠】13.3 8核M1芯片(7核图形处理器) 8G 256G SSD 银色 MGN93CH/A,20万+条评价,Apple产品京东自营旗舰店
￥5299.00,戴尔（DELL）笔记本电脑灵越14Plus-7420 14英寸高性能轻薄本游戏设计办公 12代标压i5-12500H 16G 512G 2.2K屏 RTX3050,1万+条评价,戴尔京东自营官方旗舰店
￥5348.00,七彩虹（Colorful）将星X15-AT 15.6英寸 40系列显卡游戏笔记本电脑学生设计剪辑专业电竞本4050独显直连 16G/512固态 i7-13650HX+4050 雷震紫,200+条评价条评价,七彩虹电脑整机京东自营旗舰店
￥1889.00,拍拍联想拯救者二手笔记本电脑拯救者R720 Y7000/R7000P 15.6英寸吃鸡电竞游戏本 95新 16G内存+512G固态 A款：i5-4200H GTX960 【办公游戏】,2000+条评价,企晨二手电脑专营店
￥1988.00,拍拍华为HUAWEI二手笔记本MateBook13/xpro触屏2K全面屏 便携二手 Magic R5-2500-8G-512G-高分屏 95成新,5000+条评价,新开映二手电脑专营店
￥1758.00,【2023款英特尔+酷睿i7】15.6英寸笔记本电脑轻薄本网课设计学习商务办公游戏大学生手提 智能驼 女神版【13代4K英特尔】樱花粉 8G内存+256G固态硬盘,5万+条评价,智能驼数码旗舰店
￥4199.00,机械师曙光16Air 16英寸2.5K 120Hz AMD锐龙R7-7840H轻薄笔记本电脑游戏商务办公 16G DDR5/512G PCIE4.0固态,1000+条评价,机械师（MACHENIKE）旗舰店
￥4699.00,戴尔笔记本电脑Dell灵越16Plus-7620 16英寸高性能轻薄本游戏设计办公 12代酷睿标压i5-12500H 16G 512G 3K屏,1万+条评价,戴尔京东自营官方旗舰店
￥4298.00,LENO【2023新款英特尔13代+酷睿i7办公游戏本】笔记本电脑超轻薄本大学生商务本金属全新手提 旗舰版酷睿i7+2G独显+设计游戏-灰 32G运行 2TB固态高速硬盘,2万+条评价,LENO电脑办公旗舰店
￥6488.00,联想（Lenovo）小新Pro16 酷睿标压游戏设计办公轻薄笔记本电脑 i9-13900H十四核 32G 1T固态 标配版 16英寸｜2.5K超清｜120Hz高刷,10万+条评价,联想西南授权专卖店
￥2999.00,宏碁（acer）非凡Go Fun 16英寸轻薄本 教育办公笔记本电脑便携学生IPS全高清防眩光 非凡Go-Intel-N100-8GB-512G,80条评价,宏碁电脑京东自营旗舰店
￥5499.00,惠普（HP）战66 六代酷睿14英寸轻薄笔记本电脑(英特尔13代高性能i5 16G 1T RTX2050 高色域低功耗 AI新体验 一年上门),20万+条评价,惠普京东自营官方旗舰店
￥1328.00,爱心东东独显】15.6英寸4K笔记本电脑轻薄网课办公集成显卡游戏本大学生手 流光银丨高配英特尔四核13代+指纹解锁+窄边全面屏 12G内存+256G固态硬盘,2万+条评价,白罗秋雨电脑整机专营店
￥5399.00,联想（Lenovo） 小新Pro14 超能本 旗舰锐龙版 14英寸轻薄笔记本电脑 R7-7840HS 32G 1T 2.8K 鸽子灰,2万+条评价,联想京东自营官方旗舰店
￥5688.00,戴尔（DELL） 灵越16Plus 7620 16英寸大屏创作本设计师轻薄学生办公剪辑高性能游戏 i7-12700H/RTX3060/3K屏 16G内存 512G高速固态 标配,1000+条评价条评价,戴尔阳光雨尉专卖店
￥4488.00,拍拍联想（Lenovo) 拯救者15.6寸Y7000/ R9000P高刷电竞吃鸡设计游戏本二手 95新 I7-9750H GTX1660Ti 高配 16G内存+512G固态,5万+条评价,新茂二手电脑专营店
￥498.00,拍拍联想ThinkPad 二手笔记本电脑14寸轻薄本 商务办公 PS平面设计CAD 视频剪辑 游戏本 8新T420配置一 4G 120G,1000+条评价,中关村二手电脑专营店
￥2680.00,戴睿（dere）【13代英特尔】高颜值笔记本电脑16英寸2.5K高亮屏商务设计办公学生游戏手提轻薄金属本 16G+1TB 海豚银,2000+条评价,DERE戴睿京东自营旗舰店
￥1198.00,LENO全新官方英特尔12代超高性能酷睿i7+独显2G游戏本金属笔记本电脑办公商务设计大学生轻薄手提便捷 12代英特尔旗舰版+IPS高清-银 16G运行 512G固,5000+条评价,LENO电脑办公旗舰店
￥4599.00,联想笔记本易系列E 15.6英寸八核旗舰高性能轻薄本2023锐龙R7商用办公大学生游戏设计师本手提 15.6英寸+撞色背光键盘｜16线程 R7 【升级】24G内存 1,1万+条评价,联想电脑办公京东自营旗舰店
￥5414.00,GPD Win Max2 2023高性能游戏轻小迷你笔记本掌上电脑轻薄电脑便携3A畅玩Steam AMD 7640U 16GB 1TB固态 标配WIFI版,200+条评价,GPD笔记本官方旗舰店
￥3599.00,荣耀（HONOR）MagicBook V14 笔记本电脑14.2英寸2.5K高刷触控屏触摸屏便携轻薄本大学生办公游戏商务设计师本i7-16G+512G,500+条评价,1号会员店
￥13999.00,联想（Lenovo）拯救者Y9000P 2023款新品酷睿电竞游戏笔记本电脑2.5K 240Hz超竞屏办公学生本联想整机 i9-13900HX |4060 64G 4TB |性能旗舰升级,5000+条评价,京东电竞官方旗舰店
￥1139.00,拍拍苹果 Apple MacBook pro air二手苹果笔记本电脑 办公设计游戏 M1/M2/M3 京选 | 一机一检 95新【高配秒杀福利款】定制i5-8G-256固态,2万+条评价,京选品质二手电脑专营店
￥2380.00,戴睿（dere）2023款高颜值V14金属笔记本电脑 轻薄便携学生商务办公设计编辑家用网课游戏手提 英特尔 16G+1TB 樱花粉,2000+条评价,DERE戴睿京东自营旗舰店
￥5499.00,联想笔记本电脑 2023款高性能酷睿i7游戏办公设计本 v15.6英寸小新品学生手提轻薄本 i7-1255U 24G内存 1TB固态丨全新升级 IPS全高清屏 游戏级锐炬显卡 Wi-Fi6,2万+条评价,联想商用丽邦专卖店
￥5289.00,雷神911MT变形金刚IP款10核酷睿i7-12650H/RTX3050高性价比游戏玩家笔记本电脑 店铺首推款16G/512G+1THDD 15.6英寸 满功耗RTX3050 /165Hz,5000+条评价,雷神游戏本旗舰店
￥959.00,得峰笔记本电脑 14英寸笔记本电脑 英特尔游戏超轻薄笔记本电脑 高性能轻薄本 高清屏 8G内存M2固态256G硬盘/白色,5000+条评价,得峰京东自营旗舰店
￥6999.00,雷神Zero幻影 911 16英寸游戏本 笔记本电脑(13代酷睿i7-13650HX 16G DDR5 512G RTX4060满血 240Hz 2.5K屏),1万+条评价,雷神京东自营官方旗舰店
￥2268.00,拍拍联想ThinkPad（16G独显）二手笔记本电脑T480/T490/T14 商务轻薄办公 绘图游戏本 95新【性能炸场】T480 i5 16G 512G,2000+条评价,广州至诚数码二手电脑专营店
￥4099.00,华为擎云S520 笔记本电脑 2024 12代酷睿i5 16G 512G/高性能商务办公轻薄办公本/14英寸护眼屏/手机互联 皓月银,100+条评价,华为商用终端京东自营旗舰店
￥2398.00,荣耀剑舞【2023新品17.3英寸窄边】笔记本电脑高速处理器高性能电脑办公轻薄本游戏本学生商务商用办公设计 17.3英寸高贵银 32GB运存 1024GB超速硬盘,500+条评价,荣耀剑舞旗舰店
￥5798.00,小米涂乐【2023英特尔+酷睿i9独显】国行笔记本电脑i7超薄指纹解锁商务办公设计学生游戏影视i5手提 英特尔酷睿i9+4G独显+八核2.5K高清屏 16G高速运行 256G固态 9大,100+条评价,筱美淇电脑整机专营店
￥4499.00,华为（HUAWEI）MateBook D14 2023旗舰版轻薄本笔记本电脑 14英寸高色域全面屏设计师办公学生游戏本 16G内存 512固态【12代旗舰版i5】 100％sRGB高色域 WiFi6背,2万+条评价,华为德信专卖店
￥3589.00,戴睿（dere）幻影GT 超能16英寸英特尔酷睿i9 笔记本电脑2.5K屏轻薄便携设计商务办公学生网课游戏电竞本 16G/1TB/魅影灰,500+条评价,DERE戴睿京东自营旗舰店
￥2696.00,戴睿（dere）T30 Pro【2023新品+2K触摸屏】笔记本电脑二合一windows系统金属超薄商务办公轻薄 【T30升级版】13英寸/2K触控屏/落岩灰 16G内存 1TB高速固态,2000+条评价,戴睿笔记本旗舰店
￥1708.00,拍拍小米 Mi RedmiBookPro Air 轻薄笔记本电脑 笔记本电脑 二手笔记本 9成新小米13寸i5-7200-8G-256G独显,1万+条评价,天织二手电脑专营店
￥4999.00,机械师曙光16Air轻薄笔记本电脑 R7-7840H标压2.5K 120Hz屏 高端商务办公手提 R7-7840H/32G/1T,1000+条评价,机械师电脑旗舰店
￥5348.00,七彩虹（Colorful）将星X15-AT 15.6英寸 40系列显卡游戏笔记本电脑学生设计剪辑专业电竞本4050独显直连 16G/512固态 i7-13650HX+4050 雷震紫,200+条评价,七彩虹电脑整机京东自营旗舰店
￥4299.00,华为（HUAWEI） 华为笔记本电脑MateBook13 超轻薄13英寸商务性能手提本2K全面屏 定制粉｜I5-1135G7/16G/512G触屏,1万+条评价,华为新通路专卖店
￥4198.00,荣耀（HONOR） 笔记本电脑MagicBook14全面屏超轻薄本学生商务办公学生游戏网课 【2023款】i5-13500H 2.5K屏集显 16G+512GG固态赠正版系统office,2万+条评价,荣耀策山专卖店
￥2248.00,爱心东东【2023英特尔+酷睿i7独显】国行4K金属笔记本电脑超薄指纹解锁商务办公设计学生游戏系能手提 英特尔12代 【游戏设计】+指纹解锁+抗蓝光 32G高速,5万+条评价,系能旗舰店
￥6699.00,ThinkPad 联想 E16 13代英特尔酷睿处理器 E15升级版 商务办公学生笔记本电脑大屏轻薄本 I7-13700H 16G 1TB 03CD,2万+条评价,ThinkPad京东自营官方旗舰店
￥5088.00,联想小新16 2023超轻薄本16英寸学习办公pro设计笔记本电脑 英特尔13代酷睿十二核可选 i5-13500H 16G 1T 2.5K屏 标配 IPS 全面屏,10万+条评价,联想西南授权专卖店
￥5688.00,戴尔（DELL） 灵越16Plus 7620 16英寸大屏创作本设计师轻薄学生办公剪辑高性能游戏 i7-12700H/RTX3060/3K屏 16G内存 512G高速固态 标配,1000+条评价,戴尔阳光雨尉专卖店
￥4797.00,七彩虹（Colorful） 将星X15-AT 2023款酷睿RTX高色域电竞专业高刷屏视频直播大学生设计师手提游戏本 i5-12450H RTX4050 16G内存/PCle 512G固态,1万+条评价,七彩虹笔记本旗舰店
￥3928.00,HUWI【2024款酷睿十三代英特尔+独显】金属笔记本手提电脑商务超薄办公大学生学习设计全能游戏本电脑 英特尔酷睿i5+独立显卡全能设计本 16G运存 1TB,2000+条评价,HUWI旗舰店
￥1530.00,爱心东东HUWIMA笔记本电脑2023新款13代酷睿标压标英特尔酷睿i7独显4K超清屏16+2TB商务办公游戏本 NoteBook P 18 13代酷睿版【皓月银】 16G运行+512GB超速固态硬盘,2000+条评价,酷九八电脑整机专营店
￥2679.00,拍拍戴尔（DELL) 游匣G3G15二手笔记本电脑15.6英寸电竞吃鸡设计做图直播高刷独显3060游戏本 ⑥i5-8300H 16G 1050ti【店长力荐,500+条评价,盘古二手电脑专营店
￥7888.00,微软Surface Laptop 5 轻薄笔记本电脑 i5 8G+256G 亮铂金 Evo认证 13.5英寸2.2K高色域触控屏,5000+条评价,微软京东自营官方旗舰店
￥10599.00,联想拯救者Y9000X 2023 轻薄电竞游戏本3.2K屏学生笔记本电脑商务办公设计师 Y9000X丨i9-13900H 冰魄白 32G 1TB RTX4060 8G独显丨标配,2000+条评价,联想爱特家专卖店
￥1782.00,拍拍华为HUAWEI Matebook 荣耀13/14/15英寸轻薄游戏本超薄便携商务二手 95新荣耀R5-2500U 8G 256G 高分屏,200+条评价,麦洛二手商品专营店
￥1328.00,爱心东东独显】15.6英寸4K笔记本电脑轻薄网课办公集成显卡游戏本大学生手 樱花粉丨高配英特尔四核13代+指纹解锁+窄边全面屏 12G内存+256G固态硬盘,2万+条评价,白罗秋雨电脑整机专营店
￥7299.00,惠普暗影精灵9 intel 16.1英寸电竞游戏本高刷新高性能笔记本电脑 i5-13500HX/4060/2.5K240Hz,200+条评价,惠普中国京东自营官方旗舰店
￥6988.00,联想（Lenovo）小新Pro16 酷睿标压游戏设计办公轻薄笔记本电脑 i9-13900H十四核 32G 2T固态 升级版 16英寸｜2.5K超清｜120Hz高刷,10万+条评价,联想西南授权专卖店
￥2099.00,爱心东东独显】15.6英寸4K笔记本电脑轻薄网课办公集成显卡游戏本大学生手 流光银丨高配英特尔四核13代+指纹解锁+窄边全面屏 32G内存+1024G超速硬盘（店长推,2万+条评价,白罗秋雨电脑整机专营店
￥2769.00,拍拍联想Thinkapd二手笔记本电脑小新Air/pro13/14/15.6英寸轻薄本 99新⑭强荐款i5-10代-16G-512G-独显,200+条评价,辉选二手电脑专营店
￥4788.00,七彩虹（Colorful）将星X15新款RTX4050/4060游戏本满血独立显卡高刷屏电竞视频直播大学生智能设计 隐星i5-12450H/4050/16.0吋 16G/512G/官方标配,5000+条评价,七彩虹祝京专卖店
￥8495.00,华硕灵耀14 2023旗舰版 13代英特尔Evo 2.8K 120Hz OLED高颜值笔记本电脑 磐石灰 13代标压i9 32G 1T RTX3050独显,5000+条评价,华硕电脑京东自营官方旗舰店
￥1898.00,【2023新款英特尔+酷睿i7】笔记本电脑15.6英寸超薄轻薄本网课商务办公游戏本大学生手提摆渡者 英特尔14代+全面屏+抗蓝光+指纹锁-银 16G内存+512G超速,5000+条评价,摆渡者笔记本旗舰店
￥6799.00,华为（HUAWEI） 笔记本MateBook16S 新款轻薄商务办公设计笔记本电脑 16S灰 12代酷睿i9 16G+1T 固态 标配 预装Windows+Office软件,1000+条评价,华为百贴专卖店
￥5899.00,惠普（HP）战66 六代酷睿15.6英寸轻薄笔记本电脑(英特尔13代 高性能 i7 16G 1T 2.5K高色域屏120Hz AI新体验 一年上门),20万+条评价,惠普京东自营官方旗舰店
￥10499.00,戴尔笔记本电脑Dell灵越16Plus-7620 16英寸高性能轻薄本游戏设计办公 12代标压i7-12700H 64G 2TB 3060 3K屏,1万+条评价,戴尔京东自营官方旗舰店
￥5099.00,联想小新16 笔记本电脑游戏本 可选12/13标压酷睿 16英寸轻薄笔记本电脑学生办公设计游戏本 13代i5-13500H 16G 1TB 升级 金属机身 16:10大视野,5000+条评价,联想斯壮专卖店
￥2999.00,联想笔记本电脑V15 11代酷睿小新品超轻薄本 15.6英寸学生手提设计办公游戏本 全新升级i3-1115G4 20G内存 512固态 IPS全高清屏 游戏级性能显卡 全尺寸键盘,1万+条评价,联想商用丽邦专卖店
￥5299.00,宏碁暗影骑士·擎游戏笔记本电脑2023新款满血40系显卡酷睿标压 高刷电竞屏 骨灰玩家级 【擎】12代酷睿标压i5丨满血3050-4G 【大固态】16G+1000G PCI-e,500+条评价,Acer宏碁旗舰店
￥4499.00,华为（HUAWEI）MateBook D16笔记本电脑可选2024新款13代16英寸轻薄游戏本商务办公超薄本 银丨i5-13420H 16GB 1T固态,2万+条评价,华为比特专卖店
￥3448.00,华为（HUAWEI）笔记本电脑MateBook E 二合一平板电脑12.6英寸触屏轻薄本学生商务办公手提 灰丨i5 16G 512G+磁吸键盘,200+条评价,华为比特专卖店
￥1888.00,拍拍华为HUAWEI二手笔记本MateBook13/14/15寸全面高分屏轻薄商务办公学习二手 95新 Magic R5 3500 8G 256G,1万+条评价,天织二手电脑专营店
￥3999.00,荣耀笔记本电脑MagicBook X 16 Pro 2023 13代酷睿标压i5-13500H 16+512G 16吋高性能轻薄本 大电池 手机互联,5万+条评价,荣耀京东自营旗舰店
￥4299.00,惠普HP 星Book 14英寸轻薄笔记本电脑(13代酷睿i5-1340P高性能处理器 16G 1TB 2.5K高分护眼屏 指纹识别)银色,2万+条评价,惠普京东自营官方旗舰店
￥4299.00,华为（HUAWEI） 笔记本电脑 MateBook 13超轻薄本2K全面屏多屏协同商务性能办公学生本 定制 I5-1135G7/16G/512G/集显触屏,1万+条评价,华为新通路专卖店
￥2468.00,国行【2023款英特尔可选酷睿】金属笔记本电脑轻薄本大学生上网课设计学习商务办公游戏手提 英特尔四核+11代 IPS屏窄边全面屏+抗蓝光 32G运行+1024G超,10万+条评价,HUWI旗舰店
￥4999.00,雷神911MT2023新品游戏轻薄笔记本电脑15.6英寸独显标压高性能大学生网课PS设计骨灰级高刷电竞本 擎天柱i7-12650H/3050满血/165Hz 16G内存+512G PCIe固态 |官方,1000+条评价,雷神汇智云端专卖店
￥6349.00,雷神911X降龙 2023 15.6英寸游戏本 笔记本电脑(13代酷睿i7-13620H 16G 512G RTX4060满血 165Hz 2.5K屏),1万+条评价,雷神京东自营官方旗舰店
￥13199.00,华为笔记本电脑MateBook X Pro 2023微绒典藏版 英特尔Evo 13代酷睿i7 32G 2T 14.2英寸3.1K触控屏/商务轻薄本 蓝,2万+条评价,华为京东自营官方旗舰店
￥4688.00,微软Surface Laptop Go 2 轻薄笔记本电脑 i5 8G+256G仙茶绿 12.4英寸触屏 学生办公本,5000+条评价,微软京东自营官方旗舰店
￥1660.00,爱心东东HUWIMA笔记本电脑2023新款13代酷睿标压标英特尔酷睿i7独显4K超清屏16+2TB商务办公游戏本 NoteBook P 18 11代酷睿版【流光银】 16G运行+256GB超速固态硬盘,2000+条评价,酷九八电脑整机专营店
￥3445.00,戴尔（DELL）灵越16Pro 5620 16英寸可选高色域屏学生学习办公轻薄商务手提笔记本电脑 标配i5-1240P 16G 512G固态 锐炬Xe显卡丨全高清防眩光屏,1万+条评价,戴尔小林专卖店
￥6999.00,华硕无畏Pro15 15.6英寸高性能轻薄电竞游戏笔记本电脑(R9-7940H 16G 1T RTX4060 144Hz高色域),5万+条评价,华硕京东自营官方旗舰店
￥6099.00,戴尔（DELL）灵越PLUS16 16英寸13代酷睿高性能轻薄本设计本游戏笔记本电脑7630 13代i7标压/16G/1T 2.5K屏 120Hz,65条评价,戴尔京东自营旗舰店
￥5599.00,小米笔记本电脑 Xiaomi Book Pro 16 4K超清大师触控屏 办公高端轻薄本(12代酷睿i5 16G 512G win11),1万+条评价,小米京东自营旗舰店
￥4499.00,小米笔记本电脑 红米 Redmi Book 14 2024 13代酷睿i5-13500H 2.8K-120hz高刷屏 轻薄本(i5 16G 1T office)银,2000+条评价,小米京东自营旗舰店
￥5099.00,联想（Lenovo） 小新Pro14轻薄笔记本电脑学生创作设计办公本高性能旗舰标压锐龙八核 23款 R7-7840HS 32G 1T固态 标配 14英寸｜2.8K超清｜120Hz高刷屏,2万+条评价,联想西南授权专卖店
￥1599.00,拍拍联想Thinkapd二手笔记本电脑小新Air/pro13/14/15.6英寸轻薄本 95新②设计i5-5200-16G-512G-独显,200+条评价,辉选二手电脑专营店
￥4099.00,高性能设计师程序员办公学生游戏笔记本电脑 12代酷睿标压I7H丨2.8K+120Hz全面屏 16G内存 1TB固态【标准旗舰版】,1万+条评价,机械革命笔记本旗舰店
￥5999.00,华硕无畏16 13代酷睿i9标压 16英寸Pro级学生手提办公本笔记本电脑轻薄本商务 13代i9-13900H 16G 1T 2.5K屏 144hz 银色,1000+条评价,华硕电脑京东自营官方旗舰店
￥3999.00,华硕无畏15i 英特尔Evo平台 15.6英寸2.8K 120Hz OLED轻薄高性能笔记本电脑(12代标压i5-12500H 16G 512G)黑,1万+条评价,华硕京东自营官方旗舰店
￥1289.00,爱心东东品弘本国行【英特尔酷睿i7独显】15.6英寸笔记本电脑轻薄本学生商务办公超薄便携高性能游戏本手提品弘本 英特尔11代四核+IPS屏+抗蓝光 12GB运行+512G,5000+条评价,鑫达欧电脑办公专营店
￥6546.00,联想（Lenovo）拯救者R7000 15.6英寸电竞游戏本笔记本电脑 R7-7840H 16G 512G RTX4060,200+条评价,联想京东自营官方旗舰店
￥6299.00,荣耀笔记本MagicBook 14 Pro 2023 13代酷睿高性能轻薄本 标压i5-13500H 16G 1TB RTX3050独显 2.5K高刷屏,2万+条评价,荣耀京东自营旗舰店
￥6782.00,华硕无畏Pro15 2023 13代酷睿标压i9 RTX40系显卡 15.6英寸 游戏轻薄笔记本手提 银 i9-13900H丨4050-6G丨144Hz 16G内存/1T固态,500+条评价,华硕华中授权旗舰店
￥1698.00,国行【2023新品13代4K全面屏】笔记本电脑轻薄本游戏本学生商务商用办公本高性能高端超薄手提 高配暗夜黑【英特尔13代+指纹+全面屏】 16GB运存+2,2万+条评价,荣耀剑舞旗舰店
￥1308.00,独显】15.6英寸165hz笔记本电脑超薄办公设计游戏性能高端千梭 13代-英特尔-流光银2K屏-电竞办公超薄本 16G运行+256G固态高速硬盘,2000+条评价,千梭旗舰店
￥1399.00,得峰13代15.6英寸大屏全尺寸背光键盘 英特尔N95游戏超轻薄笔记本电脑 指纹开机 D3 16G内存M2固态硬盘512G,5000+条评价,得峰京东自营旗舰店
￥7099.00,惠普（HP）暗影精灵9 暗夜光影精灵9 RTX40系显卡 游戏笔记本电脑 i7-13650HX 4060满血 2.5K165 16G内存 1TB 固态 PCIE升级款,1万+条评价,惠普华辉专卖店
￥4799.00,联想笔记本电脑昭阳X5 15.6英寸旗舰版轻薄商务办公设计学生游戏本 八核R7 32G 1T SSD IPS屏 office,100+条评价,联想商用办公京东自营旗舰店
￥3088.00,爱心东东【2023英特尔+酷睿i7独显】国行4K金属笔记本电脑超薄指纹解锁商务办公设计学生游戏系能手提 英特尔12代 【2.5K165HZ】+游戏设计力推 16G+512G超速固,5万+条评价,系能旗舰店
￥2579.00,拍拍联想（Lenovo) 拯救者15.6寸Y7000/ R9000P高刷电竞吃鸡设计游戏本二手 95新 I7-7700H GTX1050 编程游戏 16G内存+512G固态,5万+条评价,新茂二手电脑专营店
￥1758.00,【2023款英特尔+酷睿i7】15.6英寸笔记本电脑轻薄本网课设计学习商务办公游戏大学生手提 智能驼 旗舰版【13代4K英特尔】全面屏+抗蓝光 8G内存+256G固态,5万+条评价,智能驼数码旗舰店
￥7199.00,小米笔记本电脑 Xiaomi Book Pro 16 4K超清大师触控屏 办公高端轻薄本(12代酷睿i7 16G 512G win11 独显),1万+条评价,小米京东自营旗舰店
￥13188.00,微软Surface Laptop 5 轻薄办公笔记本电脑 i7 16G+512G 仙茶绿 Evo认证 13.5英寸 2.2K高色域触控屏,5000+条评价,微软京东自营官方旗舰店
￥5699.00,惠普（HP）星BookPro14 2023高性能超轻薄本英特尔13代酷睿14英寸笔记本电脑办公 月光银 i7-13700H 16G 1T 2.8KOLED,1万+条评价,惠普中国京东自营官方旗舰店
￥3798.00,国行【2023款英特尔可选酷睿】金属笔记本电脑轻薄本大学生上网课设计学习商务办公游戏手提 急速版AMD R7同比酷睿10代+窄边屏+指纹解锁 32G运行+1024G,10万+条评价,HUWI旗舰店
￥3199.00,拍拍Alienware外星人笔记本电脑二手高端电竞游戏本M15 M17 X14 X15 X17大屏吃鸡 二：15R3 i7-6700 GTX1060 95成新,1000+条评价,京贸优选二手笔记本专营店
￥7599.00,联想（lenovo）笔记本电脑x7 2023满血版16英寸13代标压高色域设计师电竞游戏本学生商务办公手提本十四核 定制：i7-13700h 32g 1t固态 背光键盘 指纹识别 2,2000+条评价,联想电脑办公京东自营旗舰店
￥7999.00,机械革命（MECHREVO）旷世16 Pro 13代酷睿i9HX 16英寸(i9-13900HX 16G 5600MHz 1T RTX4060 240HZ 2.5K屏 雷电4 双液金散热),5000+条评价,机械革命京东自营官方旗舰店
￥2409.00,拍拍联想（Lenovo) 拯救者15.6寸Y7000/ R9000P高刷电竞吃鸡设计游戏本二手 95新 I5-7300H GTX1050TI 4G 16G内存+512G固态,5万+条评价,新茂二手电脑专营店
￥5199.00,联想（Lenovo）游戏本拯救者R7000 八核锐龙R7旗舰/ThinkBook 2.5K超清屏笔记本电脑 16寸TB：R7-7730 24G 1T 核显升级 2.5K超清电竞屏丨2023款游戏本,2000+条评价,精选电脑数码专营店
￥3899.00,满血30系显卡可选16P商务学生轻薄笔记本电脑 R7-5700U 满血显卡 性价标杆 Pad15 16G内存 1TB固态升级 标压锐龙芯片,50条评价,联想汇通专卖店
￥4699.00,京品电脑神舟（HASEE）战神Z7-DA5NS 12代英特尔酷睿i5 15.6英寸游戏本 笔记本电脑(12代i5-12450H 16G 512G RTX3050 144Hz),5万+条评价,神舟电脑京东自营旗舰店
￥799.00,拍拍华硕（ASUS）二手笔记本 13寸14寸15.6寸i5/i7系列轻薄便携商务办公游戏二手 9成新-双核-4G-128G固态-影音网课,1000+条评价,青龙二手笔记本电脑专营店
￥1419.00,全新15.6英寸轻薄笔记本电脑（英特尔N5095 16G内存+512GB固态 指纹解锁）四核超薄商务办公家用学生上网课,5000+条评价,霆硕电脑京喜直营旗舰店
￥1309.00,拍拍惠普（HP）二手笔记本 14/15.6寸大屏幕 网课学习 商务办公 设计制图 轻薄 【热荐I7强劲四核】-16G-1TB固态-全能办公 线下十年企业保驾护航 9,2000+条评价,华冠二手电脑专营店
￥6899.00,戴尔（DELL） 灵越16Plus 7620 16英寸大屏创作本设计师轻薄学生办公剪辑高性能游戏 i7-12700H/RTX3060/3K屏 32G内存 1TB高速固态 定制,1000+条评价,戴尔阳光雨尉专卖店
￥4199.00,机械革命（MECHREVO）极光Z 15.6笔记本RTX3050光追独显高性能轻薄商用学生设计办公游戏本 极光Z-i5-12450H/3050/165 【官方标配】16G/512G固态硬盘,1万+条评价,机械革命博创福兴专卖店
￥6399.00,戴尔（DELL）笔记本电脑 灵越PLUS14-7430 14英寸超能轻薄本游戏设计办公 13代酷睿i5标压 16G 1TB RTX3050 2.5K屏,1万+条评价,戴尔京东自营官方旗舰店
￥3488.00,HUAU MoteBook国行【酷睿i7+独显】笔记本电脑15.6英寸2024设计商务办公学生游戏手提轻薄本 【14代英特尔】2.5K超清16.1大屏 32G运行+512G极速固态硬盘,2000+条评价,HUAU官方旗舰店
￥4999.00,联想小新16 2023金属超轻薄笔记本电脑 Pro大屏办公设计游戏本 13代酷睿 12核i5-13500H 16G 512G 标配 16英寸 IPS微边框全面屏,10万+条评价,联想华东授权专卖店
￥7709.00,AppleMacBookAir M2芯片 13.6英寸苹果2022款 轻薄笔记本电脑办公air MacBookAir 13.6英寸 深空灰色 8GB+256GB 店保一年,2000+条评价,旷视界手机通讯买手店
￥3599.00,华硕a豆14笔记本电脑 12代i5标压 高性能办公学生轻薄本 i5标压 16G 512G 星际银海,1万+条评价,华硕电脑京东自营官方旗舰店
￥4499.00,小米笔记本电脑 红米 Redmi Book 14 2024 13代酷睿i5-13500H 2.8K-120hz高刷屏 轻薄本(i5 16G 1T office)灰,2000+条评价,小米京东自营旗舰店
￥3328.00,拍拍联想（Lenovo) 拯救者15.6寸Y7000/ R9000P高刷电竞吃鸡设计游戏本二手 95新 i5-9300H GTX1650 窄边框 16G内存+512G固态,5万+条评价,新茂二手电脑专营店
￥2369.00,拍拍联想拯救者15.6寸i7 3060二手笔记本电脑Y7000/R9000P高刷游戏本学生设计商务办公 95新④i5-7300H 1050Ti R720 高配16G内存+512G固态,1万+条评价,优品精选二手笔记本专营店
￥4999.00,华硕无畏15 2023/Pro15 13代酷睿标压高性能办公游戏AI商务超轻薄笔记本电脑 13代i5-13500H 144Hz高刷屏 16G内存 512G固态,2000+条评价,华硕雅克嘉博专卖店
￥2099.00,清华同方（THTF） 真国货然14 高颜值超轻薄笔记本电脑商务办公网课英特尔四核 N5100 8G 256G固态金属灰,200+条评价,电脑办公智慧办公京东自营专区
￥4699.00,戴尔（DELL）笔记本电脑灵越3530 15.6英寸高性能全面屏轻薄本(13代酷睿i7 16G 512GB 锐炬显卡 120Hz防眩光高刷屏)银,10万+条评价,戴尔京东自营官方旗舰店
￥4999.00,京品电脑神舟（HASEE）战神Z7-DA7NS 12代英特尔酷睿i7 15.6英寸游戏本 笔记本电脑(12代i7-12650H 16G 512G RTX3050 144Hz),5万+条评价,神舟电脑京东自营旗舰店
￥1098.00,拍拍戴尔DELL E7440 7480 6代/11代 轻薄颜值本游戏设计家用商务办公 二手笔记本电脑 2】9新E7440 i5 16G 512G 银14,1万+条评价,小熊二手商品专营店
￥2385.00,樱本【2023英特尔+酷睿i7独显】笔记本电脑触屏4K超清高刷高性能指纹解锁商务办公设计学生游戏手提 【5W+已购买】13代（高刷144hz)超性能本 32G运,5万+条评价,樱本旗舰店
￥4999.00,爱心东东惠普（hp）笔记本电脑 星14pro进阶版 高端金属轻薄本商用办公游戏手提学生女 旗舰book15可选 静谧银：【背光键盘版-进阶版丨金属旗舰本】 新13代i5/16,5万+条评价,惠普（HP）旗舰店
￥2699.00,快速者【12代i7+MX550独显4G】高配笔记本电脑轻薄款游戏本 15.6英寸11代7505 | 2G独显MX450 16G运行内存| 512G高速固态存储,100+条评价,快速者笔记本旗舰店
￥2169.00,拍拍联想（Lenovo)二手笔记本电脑小新 Air/pro 13/14/15.6寸 轻薄商务制图办公本 99新高效办公 i5-7200 16G512G独显 .,2万+条评价,至上优品二手电脑专营店
￥1648.00,拍拍荣耀HONOR二手笔记本MagicBook14/15/16寸全面高分屏轻薄商务办公学习二手 95新荣耀r5-2500u 8g 256g 高分屏,2000+条评价,天织二手电脑专营店
￥7499.00,华硕天选4 锐龙版 15.6英寸高性能电竞游戏本 笔记本电脑(新R9-7940H 16G 512G RTX4060 2.5K 165Hz P3广色域)灰,20万+条评价,华硕京东自营官方旗舰店
￥3999.00,惠普HP 星Book 15.6英寸大屏办公轻薄笔记本电脑(13代酷睿i5-1340P 16G 1TB 锐炬显卡 通过6项可靠性测试)银色,2万+条评价,惠普京东自营官方旗舰店
￥6388.00,微软（Microsoft）Surface Laptop Go 3 笔记本电脑 i5 8G+256G仙茶绿 12.4英寸触屏 办公本 学生 轻薄本,5000+条评价,微软京东自营官方旗舰店
￥3349.00,惠普（HP） 星Book14 15【AMD锐龙新款】窄边框轻薄本便携学生商务办公笔记本电脑 星BooK15 R7-7730U 16G/1T定制 【上新】【店长推荐】,5000+条评价,惠普迈向专卖店
￥8599.00,惠普暗影精灵9 intel 16.1英寸电竞游戏本 2.5K 240Hz高刷新高性能笔记本电脑 i9-13900HX/RTX4060/16G/1T,200+条评价,惠普中国京东自营官方旗舰店
￥6499.00,ThinkPad联想ThinkBook 14+ 英特尔酷睿i5 14英寸轻薄游戏本NVIDIA Studio创作本i5-13500H 16G 1TB SSD RTX3050 2.8K,10万+条评价,ThinkPad京东自营旗舰店
￥3999.00,玄派玄智星银河 笔记本电脑 R7-7840H 16英寸2.5k高刷大屏 16G DDR5 512G Zen4架构标压全能本,200+条评价,玄派京东自营旗舰店
￥3199.00,戴尔（DELL） Pro灵越15大屏轻薄本3511/3520 15.6英寸超极本3530学生便携办公游戏 15Pro推荐【酷睿i5 锐炬Xe】15.6英寸 16G内存/512G高速固态【推荐,2万+条评价,戴尔阳光雨尉专卖店
￥3990.00,戴尔（DELL）灵越15Pro 15.6英寸酷睿i5笔记本轻薄办公制图家用游戏学生剪辑商务手提 灵越3511 酷睿i5 锐炬Xe显卡 16G内存 1.0TBPCIe 固态定制,2万+条评价,戴尔（DELL）维克特睿专卖店
￥938.00,拍拍惠普（HP）惠普星/战66/光影/暗影精灵系列 I5 i7游戏吃鸡商务办公轻薄独显二手 9新主流办公 i7 16g+1T固态独显 【热荐】,2000+条评价,壹秒文化二手笔记本专营店
￥3999.00,华为（HUAWEI）笔记本电脑MateBook D 14 2023 12代酷睿i5 16G 512G 锐炬显卡/轻薄本/14英寸护眼全面屏/手机互联 银,1万+条评价,华为京东自营官方旗舰店
￥1600.00,爱心东东独显】15.6英寸4K笔记本电脑轻薄网课办公集成显卡游戏本大学生手 流光银丨高配英特尔四核13代+指纹解锁+窄边全面屏 12G内存+512G固态硬盘,2万+条评价,白罗秋雨电脑整机专营店
￥3999.00,华硕破晓2 15.6英寸高性能轻薄本 手提笔记本电脑商用办公本 酷睿i7 16G 512G 预装Office,2000+条评价,华硕电脑京东自营官方旗舰店
￥5198.00,七彩虹隐星P15.6英寸游戏本 2023款英特尔12代酷睿 性能设计办公学生高刷电竞 升级版 RTX4050 16G 1TB i7-12700H,5000+条评价,七彩虹联际专卖店
￥6699.00,华为华为笔记本电脑MateBook 16s 2023 13代酷睿版 标压i5 16G 1T 16英寸轻薄本/2.5K触控全面屏/手机互联 深空灰,10万+条评价,华为京东自营官方旗舰店
￥816.00,拍拍惠普（HP）二手笔记本电脑星14/15.6寸独显游戏本i5/i7学习商务办公轻薄本 95成新 i7 16G 1TB固态 独显 【主流热荐】,200+条评价,羽枫二手电脑专营店
￥4745.00,华硕无畏14i 英特尔Evo 14.5英寸Pro2.8K OLED轻薄高性能笔记本电脑 幻境银 13代标压i5 16G 1T 2.8K 120Hz OLED屏,200+条评价,华硕电脑京东自营官方旗舰店
￥4999.00,荣耀笔记本电脑MagicBook 14 英特尔酷睿高性能GT版游戏轻薄本标压i5-12500H 16+512G RTX2050独显 长续航 灰,2万+条评价,荣耀京东自营旗舰店
￥1998.00,荣耀剑舞【2023新品17.3英寸窄边】笔记本电脑高速处理器高性能电脑办公轻薄本游戏本学生商务商用办公设计 17.3英寸高贵银 16GB运存 512G超速硬盘,500+条评价,荣耀剑舞旗舰店
￥3999.00,ThinkPad 联想ThinkBook 16+ 笔记本电脑 2023款可选 16英寸商务学生游戏轻薄本 标压处理器 i5-12500H 16G 512G 100%sRGB 2.5K屏 官方标配,2000+条评价,联想商用融合酷克专卖店
￥8999.00,惠普(HP)战X 13代 14英寸高端高性能轻薄办公笔记本AI电脑 i7-1360P 32G 1TSSD 2.5K120Hz屏 5G畅连 深银灰,1000+条评价,惠普京东自营官方旗舰店
￥8499.00,戴尔笔记本电脑Dell灵越16Plus-7620 16英寸高性能轻薄本游戏设计办公 12代标压i7-12700H 32G 2TB 3060 3K屏,1万+条评价,戴尔京东自营官方旗舰店
￥1766.00,拍拍联想（Lenovo)二手笔记本电脑小新 Air/pro 13/14/15.6寸 轻薄商务制图办公本 95新游戏推荐i5-7200 16G 512G独显 .,2万+条评价,至上优品二手电脑专营店
￥8999.00,惠普（HP）暗影精灵9 16.1英寸游戏本 笔记本电脑(R7-7840H RTX4070 16G 1TBSSD 2.5K 240Hz),1万+条评价,惠普（HP）OMEN暗影精灵京东自营旗舰店
￥3599.00,联想笔记本电脑 2023旗舰酷睿i5高性能小新超轻薄本 大屏窄边框学生手提办公游戏设计本 i5-1155G7 16G内存 512G高速固态 游戏级锐炬显卡 IPS全高清 精装,5000+条评价,联想福本专卖店
￥7999.00,戴尔笔记本电脑Dell灵越16Plus2022 16英寸高性能轻薄本设计本 12代i7-12700H 32G 1TB 3060 3K屏,1万+条评价,戴尔京东自营官方旗舰店
￥8799.00,戴尔（DELL）游匣G16 2.5K 16英寸游戏本 笔记本电脑(13代酷睿i7HX 16G DDR5 1TB RTX4060 240Hz 外星人散热)黑,10万+条评价,戴尔京东自营官方旗舰店
￥7999.00,戴尔（DELL）笔记本电脑 灵越PLUS14-7430 14英寸超能轻薄本游戏设计办公 13代酷睿i7标压 16G 1TB RTX4050 2.5K屏,1万+条评价,戴尔京东自营官方旗舰店
￥4799.00,戴尔（DELL）笔记本电脑 灵越14PRO-5430 14英寸2.5K屏轻薄本(13代酷睿i5-1340P 512G 锐炬显卡 90Hz高刷)银,1万+条评价,戴尔京东自营官方旗舰店
￥1222.22,UHAW国行【2023英特尔新款】笔记本电脑 14英寸轻薄本办公设计 商务商用学生手提 11代英特尓【全面屏+抗蓝光 】 8G运行 512G超速固态,100+条评价,UHAW旗舰店
￥3999.00,宏碁（acer）宏基新蜂鸟非凡GO14青春版传奇FUN13代酷睿轻薄本长续航学生网课家用商务办公 【传奇2023款】R5-7520U 15.6英寸 16G 512GSSD 官方标配,2000+条评价,Acer宏碁电脑旗舰店
￥3944.00,联想笔记本电脑 小新Pro14 酷睿版 14英寸高性能超轻薄本 学生办公设计娱乐游戏本 标配 i5-12500H 16G 512固态,5000+条评价,联想华北授权专卖店
￥1858.00,戴睿（dere）2023款高颜值V14金属笔记本电脑 轻薄便携学生商务办公设计编辑家用网课游戏手提 英特尔 12G+512G 暗夜绿,2000+条评价,DERE戴睿京东自营旗舰店
￥5599.00,联想（Lenovo）游戏本拯救者R7000 八核锐龙R7旗舰/ThinkBook 2.5K超清屏笔记本电脑 16寸TB：R7-7730 40G 1T 核显升级 2.5K超清电竞屏丨2023款游戏本,2000+条评价,精选电脑数码专营店
￥2598.00,国行【2023新品13代4K全面屏】笔记本电脑轻薄本游戏本学生商务商用办公本高性能高端超薄手提 高配冰川银【英特尔13代+指纹+全面屏】 32GB运存+1,2万+条评价,荣耀剑舞旗舰店
￥2798.00,UHAW 国行【2023款13代酷睿触控本】金属笔记本电脑轻薄本大学生上网课游戏办公设计商务手提 13代高配粉【指纹+护眼屏】 32G运行+2TB超速固态,2万+条评价,UHAW旗舰店
￥4698.00,线下同款神舟（HASEE）战神Z7/Z8游戏本 英特尔酷睿i5/i7 RTX3050/3050Ti 独显满血电竞 Z8A5升级版i5/16G/RTX3050Ti 官方授权,5万+条评价,神舟游戏本旗舰店
￥3999.00,机械师曙光16Air 16英寸2.5K AMD锐龙R7-7735H标压游戏本商务办公轻薄笔记本电脑 耀夜灰 16G DDR5/1T PCIE高速固态,2000+条评价,机械师（MACHENIKE）旗舰店
￥5299.00,ThinkPad联想ThinkBook13s丨13x酷睿版轻薄本高性能商务办公学生游戏设计师女生便携手提 13S 2.5K高色域屏 i7-1165G7 标配 16G 512G 指纹&背光,2000+条评价,Thinkpad笔记本专卖店
￥2498.00,拍拍联想ThinkPad（98%商务选择）二手笔记本电脑 T470/T490 轻薄办公 绘图剪辑工程游戏 95新T490 i5 16G512G高清 差旅出行,5000+条评价,橘子优品二手电脑专营店
￥6099.00,戴尔（DELL）新灵越16pro笔记本电脑13代酷睿16英寸2.5K屏5630轻薄家用办公 i7-1360P/16G/1T/2.5K,2000+条评价,戴尔京东自营旗舰店
￥5299.00,惠普（HP）战X 2023 Zen4新锐龙 13.3英寸轻薄笔记本电脑(R7-7840U 16G 1TB 高色域低蓝光屏 2年上门 AI新体验 高性能),2万+条评价,惠普京东自营官方旗舰店
￥2408.00,国行【2023款英特尔可选酷睿】金属笔记本电脑轻薄本大学生上网课设计学习商务办公游戏手提 玫瑰金-高配英特尔四核+12代 IPS屏窄边全面屏 32G运行+51,10万+条评价,HUWI旗舰店
￥3699.00,戴尔（DELL） Pro灵越15大屏轻薄本3511/3520 15.6英寸超极本3530学生便携办公游戏 15Pro推荐【酷睿i5 锐炬Xe】15.6英寸 32G内存/1TB高速固态【旗舰定,2万+条评价,戴尔阳光雨尉专卖店
￥480.00,拍拍惠普HPDV8二手笔记本电脑18.5英寸超大屏高清酷睿i7四核独显带蓝牙低音炮商务办公上网娱乐游戏本 4GB内存+120GB固态硬盘 联想X220 酷睿i3二代 核显 12.5英,12条评价,趣夕二手笔记本专营店
￥6388.00,微软（Microsoft）Surface Laptop Go 3 笔记本电脑 i5 8G+256G冰晶蓝 12.4英寸触屏 办公本 学生 轻薄本,5000+条评价,微软京东自营官方旗舰店
￥4399.00,华硕无畏16 13代酷睿标压 16英寸Pro级学生手提办公本笔记本电脑轻薄本商务 i5-13500H 16G 512G 护眼屏 黑,5000+条评价,华硕电脑京东自营官方旗舰店
￥1189.00,爱心东东品弘本国行【英特尔酷睿i7独显】15.6英寸笔记本电脑轻薄本学生商务办公超薄便携高性能游戏本手提品弘本 英特尔11代四核+IPS屏+抗蓝光 12GB运行+256G,5000+条评价,鑫达欧电脑办公专营店
￥6399.00,ThinkPad联想T14p迭代款 14英寸高性能轻薄本 商务办公编程工程师设计绘图全能本 neo 14 i7-12700H RTX2050独显 2.2K屏 16G 512G 高色域 人脸,5000+条评价,ThinkPad华中授权专卖店
￥11999.00,ThinkPad 联想 T14p 14英寸高性能标压轻薄笔记本 13代酷睿i9-13900H 32G 1TB RTX3050 2.2K商务办公游戏本,5000+条评价,ThinkPad京东自营旗舰店
￥2599.00,拍拍联想（Lenovo)二手笔记本电脑小新 Air/pro 13/14/15.6寸 轻薄商务制图办公本 95新四核八线程i7-8550 16G512G独显 .,2万+条评价,至上优品二手电脑专营店
￥5599.00,机械师创物者16英寸2.5K全面屏13代酷睿i9-13900H轻薄本商务办公学生笔记本电脑 旗舰版16G/1T PCIE4.0高速固态,1000+条评价,机械师（MACHENIKE）旗舰店
￥4488.00,樱本【2023英特尔+酷睿i7独显】笔记本电脑触屏4K超清高刷高性能指纹解锁商务办公设计学生游戏手提 全新酷睿i7【游戏款多开不卡+独显款】 32G运,5万+条评价,樱本旗舰店
￥3099.00,戴尔（DELL） Pro灵越15大屏轻薄本3511/3520 15.6英寸超极本3530学生便携办公游戏 15Pro集显【12代酷睿 120Hz高刷护眼屏】 16G内存/512G高速固态【推,2万+条评价,戴尔阳光雨尉专卖店
￥5099.00,戴尔（DELL）新灵越13pro13.3英寸EVO笔记本电脑13代酷睿2.5K屏5330轻薄商务 i5-1340P/16G/512G/2.5K/粉,1万+条评价,戴尔京东自营旗舰店
￥5499.00,爱心东东惠普（HP）光影精灵9【2023新款】13代酷睿游戏轻薄电竞笔记本手提15.6英寸暗影暗夜精灵电竞屏大学生 i5-13420H【RTX2050】144Hz 【经典推荐】16G内存/5,1万+条评价,惠普笔记本授权专卖店
￥6699.00,惠普（HP）战66 六代酷睿15.6英寸轻薄笔记本电脑(英特尔13代高性能i7 16G 1T RTX2050 2.5K屏120Hz AI新体验一年上门),20万+条评价,惠普京东自营官方旗舰店
￥2996.00,戴睿（dere）【3K触摸屏+2023新品】金属笔记本电脑二合一 16英寸高端商务平板办公学生网课教育手提 【英特尔13代】3K触摸屏·16英寸 16G内存 1TB高,500+条评价,戴睿笔记本旗舰店
￥999.00,拍拍神舟战神Z8二手游戏笔记本电脑15.6英寸高性价比RTX3060大屏电竞吃鸡 A.9新i5-4代 8G 双硬盘 840 基础版,81条评价,骏康二手笔记本专营店
￥3799.00,华为（HUAWEI） 笔记本电脑MateBook D16/SE 16英寸大屏轻薄本商务办公超极本手提 SE银丨i5-12450H 16GB 512G,2000+条评价,华为比特专卖店
￥1399.00,拍拍雷神911二手笔记本电脑911MT黑武士暗杀星RTX3060独显游戏本15.6英寸144HZ电竞屏 95新①i5-6300H 8G GTX950,1000+条评价,精品优选二手电脑专营店
￥7999.00,联想笔记本电脑小新Pro16轻薄游戏本 英特尔酷睿i5 16英寸超能本(i5-13500H 16G 1T RTX3050 2.5K高刷屏)灰,20万+条评价,联想京东自营旗舰店
￥3839.00,拍拍联想（Lenovo) 拯救者15.6寸Y7000/ R9000P高刷电竞吃鸡设计游戏本二手 95新 I7-8750H GTX1060 窄边框 16G内存+512G固态,5万+条评价,新茂二手电脑专营店
￥7088.00,联想拯救者R7000 2023款电竞游戏笔记本电脑p图设计y RTX4060独显8G 旗舰标压锐龙 R7-7735H 16G 512G 标配165HZ 15.6英寸电竞屏｜100%sRGB高色域,10万+条评价,联想西南授权专卖店
￥2999.00,宏碁(Acer)笔记本电脑 15.6英寸轻薄本商用办公本学生本(酷睿i5 16G 512G Office AI降噪),1万+条评价,宏碁商用京东自营旗舰店
￥4188.00,HUAU MoteBook国行【酷睿i7+独显】笔记本电脑15.6英寸2024设计商务办公学生游戏手提轻薄本 【酷睿i7超能本】MoteBook Pro 16G运行+512G极速固态硬盘,2000+条评价,HUAU官方旗舰店
￥6649.00,联想拯救者R7000 2023款电竞游戏笔记本电脑p图设计y RTX4060独显8G 旗舰标压锐龙 R7-7840H 16G 512G 标配144HZ 15.6英寸电竞屏｜100%sRGB高色域,10万+条评价,联想西南授权专卖店
￥4099.00,玩家战神锐龙R7-7840HS轻薄笔记本电脑2.5K/165Hz高刷屏大屏高性能设计办公游戏全能本 R7-7840HS-2.5K屏-100W氮化镓快充 16G内存+1TB-PCIE高速固态硬盘,500+条评价,玩家战神笔记本官方旗舰店
￥2206.00,拍拍联想（Lenovo）二手笔记本电脑小新Air/Pro 14/15寸设计制图 网课学习 商务办公轻薄本 95新高速运行I7-7500 16G 512G独显,5000+条评价,星晟二手电脑专营店
￥4673.00,ThinkPad联想ThinkBook16+锐龙版2023款可选笔记本电脑16英寸高性能轻薄商务办公设计师游戏本 R7-6800H 120Hz 32G 内存 原厂固态 标配 2.5K,1万+条评价,ThinkPad西南专卖店
￥7999.00,VAIO F16 笔记本电脑 16英寸 13代酷睿 Win11 (i7-1355U 16G 512GB SSD FHD) 天际蓝,100+条评价,VAIO京东自营旗舰店
￥2898.00,爱心东东Daysky【2023款英特尔+3K触摸屏】金属笔记本电脑平板二合一轻薄本商务办公学生教育平板设计游戏手提 【英特尔12代】13英寸/2K触摸屏 16G内存+1TB高,5000+条评价,Daysky旗舰店
￥1340.00,爱心东东独显】15.6英寸4K笔记本电脑轻薄网课办公集成显卡游戏本大学生手 流光银丨高配英特尔四核12代+IPS全面屏+抗蓝光 16G内存+256G固态硬盘,2万+条评价,白罗秋雨电脑整机专营店
￥4199.00,机械师（MACHENIKE）曙光16Air锐龙版 16英寸游戏本 轻薄办公学生笔记本电脑(新R7-7840H 16G 512G 2.5K )耀夜灰,2000+条评价,机械师京东自营官方旗舰店
￥6299.00,华为笔记本电脑MateBook 13s 2023 12代酷睿i5 16G 512G/13.4英寸高刷触控屏/高色域/高性能轻薄办公本 银,10万+条评价,华为京东自营官方旗舰店
￥3619.00,拍拍联想（Lenovo) 拯救者15.6寸Y7000/ R9000P高刷电竞吃鸡设计游戏本二手 95新I5-10200H GTX1650-15.6 16G内存+512G固态,5万+条评价,新茂二手电脑专营店
￥9299.00,联想笔记本电脑小新Pro16轻薄游戏本 英特尔酷睿i5 16英寸超能本(i5-13500H 32G 1T RTX4050 2.5K高刷屏)灰,20万+条评价,联想京东自营旗舰店
￥1299.00,拍拍戴尔二手笔记本电脑14英寸15.6英寸商务办公轻薄游戏本 95新①i7酷睿-16G+1T固态-【极致办公】,2万+条评价,鑫航二手电脑专营店
￥4198.00,机械师曙光16Air锐龙版 16英寸游戏本 轻薄办公学生笔记本电脑(新R7-7735H 16G 512G 2.5K )曙光白,2000+条评价,机械师京东自营官方旗舰店
￥3295.00,机械革命（MECHREVO）无界14 (i5-12450H 2.8K屏 120Hz高色域)12代轻薄本办公商务本游戏本 i5-12450H/2.8K屏/120Hz刷新率 【官方标配】16G/,2000+条评价,机械革命博创福兴专卖店
￥2548.00,HAEWI国行【2024款英特尔可选酷睿i7】金属笔记本电脑超轻薄本大学生上网课设计学习商务办公学生游戏手提 高配英特尔13代+IPS窄边全面屏+护眼抗蓝光,200+条评价,HAEWI旗舰店
￥7483.00,华硕灵耀14 2023旗舰版 14.5英寸13代英特尔标压Evo 2.8K 120Hz OLED高颜值笔记本电脑(i9-13900H 32G 1T)灰,5000+条评价,华硕京东自营官方旗舰店
￥2899.00,华硕无畏二合一 13.3英寸OLED触屏办公平板电脑学生网课轻薄笔记本电脑(Intel四核 8G 256G 莱茵护眼)黑,2000+条评价,华硕京东自营官方旗舰店
￥628.00,拍拍惠普（HP）二手笔记本电脑星14/15.6寸独显游戏本i5/i7学习商务办公轻薄本 95成新 双核 4G 128G 集显 上网看视频查资料,200+条评价,羽枫二手电脑专营店
￥5299.00,戴尔（DELL）新灵越16pro笔记本电脑13代酷睿16英寸2.5K屏5630轻薄家用办公 i5-1340P/16G/1T/2.5K,2000+条评价,戴尔京东自营旗舰店
￥5499.00,雷神911MT新品酷睿8核i5满血RTX4060高性价比游戏本竞技本笔记本电脑 原厂标配8核i5/4060/16G512GSD,100+条评价,雷神游戏本旗舰店
￥5199.00,戴尔（DELL）笔记本电脑 灵越PLUS14-7430 14英寸超能轻薄本游戏设计办公 13代酷睿i5标压 16G 1TB 2.5K屏,1万+条评价,戴尔京东自营官方旗舰店
￥8499.00,华硕天选4 Plus 锐龙版 17.3英寸高性能游戏本 笔记本电脑(新R9-7940H 16G 1T RTX4070 360Hz高刷高色域电竞屏)灰,2000+条评价,华硕京东自营官方旗舰店
￥5299.00,ThinkPad联想ThinkBook 16+ 12代英特尔酷睿处理器16英寸大屏轻薄笔记本 i5-12500H 16G 4G独显 08CD,5000+条评价,ThinkPad京东自营官方旗舰店
￥5099.00,ThinkPad T14P系列neo14 高性能电脑笔记本14英寸联想ibm游戏商务办公全能轻薄本2.2K屏可选独显 黑色 i5-12500H 16GB 标配 512G高速固态 雷电4 Win11,1万+条评价,ThinkPad山东授权专卖店
￥4489.00,爱心东东玩家战神酷睿13代i7笔记本电脑游戏本独显2.5K高清防眩全面屏轻薄学生设计商务办公手提 12代酷睿i7·MX550·4G独显·2.5K屏 32G运行内存/1TB超速PCI-E固,2000+条评价,玩家战神笔记本官方旗舰店
￥5337.00,机械师（MACHENIKE）创物者16 13代英特尔酷睿i9 16英寸游戏本 笔记本电脑(i9-13900H 2.5K屏 120Hz刷新率 16G 512G),500+条评价,机械师京东自营官方旗舰店
￥4898.00,华为（HUAWEI） 笔记本电脑MateBook14触控全面屏轻薄本学生办公手提 14｜i5-1240P 16G+512G 灰 标配 预装Windows+Office软件,5000+条评价,华为百贴专卖店
￥9499.00,惠普（HP）暗影精灵9 16.1英寸游戏本 2023款 RTX40系列独显设计学习电竞发烧游戏 i9-13900HX丨4060丨2.5K 240 Hz 定制版：32G内存 2TB高速固态,200+条评价,京东电竞官方旗舰店
￥5849.00,七彩虹（Colorful）隐星P15游戏笔记本电脑高色域高刷电竞屏将星学生设计剪辑13代酷睿标压手提本 23款 蓝i7-13620H 16GB 1TB定制 满血RTX4060电竞独显 15.6英寸,5000+条评价,七彩虹Colorful旗舰店
￥5188.00,戴尔（dell）笔记本电脑粉色14英寸灵越14pro轻薄本超极本女大学生独显游戏本商务办公全能本手提成就3420 初恋粉 | 14pro装粉壳【14英寸】 进阶：i7,2000+条评价,戴尔双桔专卖店
￥4999.00,惠普HP 星Book Pro 14英寸轻薄笔记本电脑(13代酷睿i5-13500H标压 16G 1TB 2.8K 90Hz OLED全感屏 硬件护眼)粉,2万+条评价,惠普京东自营官方旗舰店
￥1375.00,爱心东东独显】15.6英寸4K笔记本电脑轻薄网课办公集成显卡游戏本大学生手 流光银丨高配英特尔四核12代+IPS全面屏+抗蓝光 16G内存+512G固态硬盘,2万+条评价,白罗秋雨电脑整机专营店
￥4999.00,爱心东东惠普（HP）星Book14 15【2023新款】AMD锐龙旗舰7代轻薄全面屏便携手提女大学生设计办公本 15.6英寸：新R7-7730U A面金属 定制：16G内存/1T固态,1万+条评价,惠普笔记本授权专卖店
￥1009.00,拍拍联想（lenovo）小新潮 /air系列/小新pro13.3寸14寸轻薄商务办公游戏二手 9新酷睿i5-8G-256G-独显 办公推荐,500+条评价,大福门二手电脑专营店
￥5499.00,ThinkPad联想ThinkBook 16+ 2023款 英特尔酷睿i5 16英寸标压轻薄便携笔记本电脑i5-13500H 16G 1TB SSD 2.5K,5万+条评价,ThinkPad京东自营旗舰店
￥2096.00,拍拍联想拯救者15.6寸i7 3060二手笔记本电脑Y7000/R9000P高刷游戏本学生设计商务办公 95新③i5-7300H 1050 拯救者R720 高配16G内存+512G固态,1万+条评价,优品精选二手笔记本专营店
￥1499.00,得峰笔记本电脑 15.6英寸大屏全尺寸背光键盘 英特尔游戏超轻薄笔记本电脑 指纹开机 D3 M2高速固态512G硬盘,5000+条评价,得峰京东自营旗舰店
￥8999.00,LG gram 2023款14英寸轻薄本 16:10大画面 正版office 长续航 笔记本电脑 (13代酷睿i5 16G 512G 雷电4)白,500+条评价,LG笔记本电脑京东自营旗舰店
￥1848.00,拍拍惠普光影精灵5暗影精灵6二手笔记本电脑游戏本15.6寸高刷电竞屏3060暗夜精灵 ②i5-6300 GTX960 16/512G 95成新,1000+条评价,优品精选二手笔记本专营店
￥4599.00,联想（Lenovo）笔记本电脑2023小新品12代13代十核轻薄本AIR 15.6英寸全面屏商务办公学生设计游戏手提 升级丨i5-1235U 24G 1T固态 IPS莱茵爱眼高清屏 26,1000+条评价,联想电脑办公京东自营旗舰店
￥13499.00,Apple MacBook Air 15英寸 8核M2芯片(10核图形处理器) 16GB 512GB 星光色 笔记本电脑 Z18S00028【定制机】,1万+条评价,Apple产品京东自营旗舰店
￥1999.00,acer宏碁 轻薄家用网课办公14英寸笔记本电脑(英特尔四核 N5100 12G 512G 全高清防眩光屏 )定制,5000+条评价,天翼电信智能京东自营旗舰店
￥4679.00,拍拍联想（Lenovo）拯救者Y7000P/R9000P 15.6寸轻薄设计3060游戏二手 Y7000P：I7-10代/16+512/2060 95成新,1000+条评价,星人国际二手电脑专营店
￥9999.00,ThinkPad联想ThinkBook 16p 英特尔酷睿i9 16英寸高性能轻薄游戏创作本 13代i9-13900H 16G 1T RTX4060 3.2K 165Hz,1万+条评价,ThinkPad京东自营旗舰店
￥9199.00,联想（Lenovo）拯救者Y9000P 13代英特尔酷睿 16英寸电竞游戏本笔记本电脑 2.5k 240Hz i7-13650HX 16G 1T RTX4060,1万+条评价,联想京东自营官方旗舰店
￥2611.00,联想笔记本电脑IdeaPad15锐龙R5超薄本15.6英寸轻薄女生学生商务办公游戏超级本 定制｜R5-5500U 16G内存 512G固态 银灰,5000+条评价,联想率秀图新授权专卖店
￥2699.00,荣耀剑舞2023新款【双屏15.6英寸+7英寸触摸屏】笔记本电脑智能副屏轻薄本学生商务商用办公设计本高性能本 灰色 32GB运存 1024G超速硬盘,500+条评价,荣耀剑舞旗舰店
￥2999.00,拍拍联想ThinkPad（98%商务选择）二手笔记本电脑 T470/T490 轻薄办公 绘图剪辑工程游戏 95新T490 i7 24G 1T固态 高能旗舰,5000+条评价,橘子优品二手电脑专营店
￥8199.00,ThinkPad联想ThinkBook 16+ 英特尔酷睿i7 16英寸轻薄游戏本NVIDIA Studio创作本i7-13700H 32G 1TB SSD RTX3050 2.5K,5万+条评价,ThinkPad京东自营旗舰店
￥1269.00,拍拍戴尔（DELL）灵越 成就 二手笔记本电脑 14/15.6寸大屏商务办公 网课学习 设计制图 轻薄本 【98％的人都选择】I5-16G-1TB固态-独显 95成新,500+条评价,耀辉二手电脑专营店
￥5399.00,惠普（HP）战X 2023 轻薄笔记本电脑 Zen4新锐龙 14英寸(R7-PRO 7840HS 16G 1T 高色域低蓝光 2年上门 AI新体验 高性能),2万+条评价,惠普京东自营官方旗舰店
￥3499.00,惠普（HP）锐15 新AMD锐龙 15.6英寸轻薄笔记本电脑(六核R5-7530U 16G 512G 指纹识别 一年上门 通过13项军标认证),2万+条评价,惠普京东自营官方旗舰店
￥8999.00,惠普（HP）暗影精灵9 2023 16.1英寸游戏本JDG惠普笔记本电脑(13代 i9-13900HX 16G 1TSSD标配 RTX4060-8G显卡2.5K 240HZ)黑色,1000+条评价,JDG官方旗舰店
￥4199.00,吾空凌云X16 锐龙R7-7840HS/7735HS轻薄本16英寸笔记本电脑无界全面屏学生商务 16英寸 2.5K 7840HS/32/1T/星耀灰/165Hz,2000+条评价,吾空游戏本旗舰店
￥9569.00,联想拯救者Y9000P 2023款13代i7笔记本电脑i5电竞游戏本i9满血RTX4050/4060独显 i9-13900HX 32G 1T 4060 定制,2000+条评价,联想志诚专卖店
￥10488.00,联想拯救者Y9000P 2023电竞游戏笔记本电脑 满血RTX4060 8G独显 旗舰十三代酷睿 i9-13900HX 32G 1TB 4060升级 16英寸专业电竞屏｜2.5K超清｜高刷新率,10万+条评价,联想西南授权专卖店
￥4219.00,惠普（HP）星Book15 2023超轻薄本英特尔13代酷睿15.6英寸办公学生笔记本电脑 i5-1340P/16G/1T【单面金属升级】,2000+条评价,惠普中国京东自营官方旗舰店
￥6488.00,联想小新Pro16 2023酷睿超能本 学生设计高性能游戏轻薄笔记本电脑 13代标压i9-13900H 32G内存 1T固态丨标配版 鸽子灰 2.5K超清丨120Hz高刷屏,5000+条评价,联想众信授权专卖店
￥3599.00,联想笔记本电脑 2023旗舰酷睿i5 14英寸轻薄本高性能商用办公学生设计手提本 定制 酷睿i5 16G内存 512G固态 高速固态 千兆网口直连 一年上门,2000+条评价,联想电脑办公京东自营旗舰店
￥4999.00,玩家战神玩家战神RTX3060独显笔记本电脑游戏本骨灰级12代酷睿i9高端学生PS设计高刷大屏电竞本 13代酷睿i7-4G满血独显 16G内存/512G PCI-E固态硬盘,1万+条评价,玩家战神笔记本官方旗舰店
￥5399.00,华为（HUAWEI） 笔记本电脑MateBook 14 13代高端商务办公轻薄本14英寸2023新款触控屏手提 灰丨I5-1340P 16G 1T 触屏,2万+条评价,华为比特专卖店
￥8349.00,LENOVO联想拯救者R9000P2023电竞游戏笔记本电脑Y7000P 旗舰RTX4060 R9-7945HX RTX4060灰 标配16G内存 1T固态,1000+条评价,电竞游戏电脑授权经营部
￥11288.00,联想拯救者Y9000P 2023电竞游戏笔记本电脑 满血RTX4060 8G独显 旗舰十三代酷睿 i9-13900HX 64G 1TB 4060升级 16英寸专业电竞屏｜2.5K超清｜高刷新率,10万+条评价,联想西南授权专卖店
￥5599.00,戴尔（DELL）Vostro成就5630 16英寸护眼防蓝光可选2.5K屏十三代商务办公笔记本电脑轻薄本 游戏本入门 13代i7/16G/512G/2.5K屏/锐炬显卡,1000+条评价,戴尔商用京东自营官方旗舰店
￥3449.00,15.6英寸酷睿i5笔记本轻薄办公制图家用游戏学生剪辑商务手提电脑 灵越3520 12代酷睿i5 锐炬Xe显卡 【店长推荐】16G内存 512GPCIe固态定制,2万+条评价,戴尔（DELL）维克特睿专卖店
￥3599.00,爱心东东惠普（hp）星book系列青春版【13代酷睿】高性能轻薄笔记本手提电脑大学生办公便携商务男女网课设计本 星15青春版：i5-1240p丨高清屏 16g内存丨512g高,2000+条评价,惠普（HP）专卖店
￥2999.00,戴尔（DELL）Vostro成就3520 15.6英寸120Hz高刷护眼屏便携商务办公笔记本电脑轻薄本 游戏本入门 i5 16G 512G 120Hz 锐炬显卡,2000+条评价,戴尔商用京东自营官方旗舰店
￥9499.00,联想（Lenovo）拯救者Y9000X游戏笔记本电脑 16英寸轻薄电竞本(酷睿i5 16G 512GB RTX3050Ti 2.5k高刷电竞屏)灰 设计师,2000+条评价,联想京东自营旗舰店
￥1560.00,爱心东东HUWIMA笔记本电脑2023新款13代酷睿标压标英特尔酷睿i7独显4K超清屏16+2TB商务办公游戏本 NoteBook P 18 11代酷睿版【流光银】 12G运行+128G超速固态硬盘,2000+条评价,酷九八电脑整机专营店
￥2009.00,海尔（haier）笔记本电脑超轻薄本便携手提电脑游戏本四核男女学生上网本窄边框商务远程办公专用超级本 【15.6英寸】升级英特尔四核16G内存+IPS屏 51,2万+条评价,海尔笔记本旗舰店
￥4299.00,华为（HUAWEI） 华为笔记本电脑MateBook13 超轻薄13英寸商务性能手提本2K全面屏 银｜I5-1135G7/16G/512G/集显触屏,1万+条评价,华为新通路专卖店
￥1899.00,全新15.6英寸轻薄笔记本电脑（英特尔N5095 32G内存+1024GB固态 指纹解锁）四核超薄商务办公家用学生上网课,5000+条评价,霆硕电脑京喜直营旗舰店
￥1238.00,拍拍苹果二手笔记本电脑AppleMacBookPro Air商务办公学习轻薄追剧设计制图剪辑金属机身网课 9新13.3寸超薄力荐｜760-4G-128G,5000+条评价,好小子二手笔记本专营店
￥8799.00,华硕灵耀13 2023 13.3英寸13代酷睿 2.8K OLED 高颜值办公本笔记本电脑轻薄本商务 深湖蓝 13代i7 32G 1T 锐炬显卡,1000+条评价,华硕电脑京东自营官方旗舰店
￥4999.00,VAIO F14 笔记本电脑 14英寸 13代酷睿 Win11 (i5-1334U 16G 512GB SSD FHD) 型格灰,100+条评价,VAIO京东自营旗舰店
￥2269.00,海尔(haier)笔记本电脑超轻薄本便携11.6英寸手提电脑商务办公超级本上网触屏手写二合一平板电脑 Intel四核16G内存 1T固态-双频WIFI,2000+条评价,海尔奈朵专卖店
￥5279.00,惠普（HP）星Book pro16 全新2023款 星16英寸轻薄商务笔记本电脑 办公学生笔记本电脑 13代i5-13500H 2.5K 120Hz银色 16G 1TB 固态【官方标配】,96条评价,惠普九州专卖店
￥3898.00,拍拍Asus/华硕天选4二手笔记本电脑天选3Plus天选2Air新款RTX4060光追独显高刷大屏游戏本 天选2 R7-4800H RTX3050 16GB内存+512GB固态 95成新,63条评价,汇朋二手电脑专营店
￥4599.00,机械革命无界14Pro (i7-12700H 16G 1T 120Hz 2.8K 高色域)轻薄本办公商务本游戏本,1万+条评价,机械革命京东自营官方旗舰店
￥2498.00,【2023新品13代4K级屏】金属16.1英寸笔记本电脑轻薄本上网办公设计学生学习商务手提本高性能 金属银 16.1英寸13代【指纹背光4K抗蓝光屏】 32GB运存 1024,500+条评价,荣耀剑舞旗舰店
￥2000.00,爱心东东国行【2023款英特尔可选酷睿】15.6英寸笔记本电脑轻薄本学生办公超薄便携高性能游戏本手提豆小谷 【14代旗舰机】4K全面屏+抗蓝光+背光指纹+超薄 【,5万+条评价,豆小谷旗舰店
￥5899.00,戴尔（DELL）2023新灵越16Pro 16英寸大屏轻薄笔记本电脑家用商务办公13代酷睿5630 13代i7/16G/1TB/2.5K120【定制】 官方标配,1000+条评价,戴尔官方旗舰店
￥5699.00,爱心东东惠普（HP）星Book Pro16 13代英特尔酷睿EVO标压 16英寸全面屏金属旗舰轻薄 i5-13500H 1T 2.5K 120Hz,1000+条评价,惠普（HP）旗舰店
￥1999.00,拍拍联想（Lenovo)二手笔记本电脑小新 Air/pro 13/14/15.6寸 轻薄商务制图办公本 95新游戏制图i7-6500 16G-1TB固独显 .,2万+条评价,至上优品二手电脑专营店
￥9999.00,ThinkPad P15V CAD三维3D建模绘图专业画图设计师专用移动图形工作站联想笔记本电脑ibm 可选P16v T600绘图显卡 i7-12700H 32GB内存 1TB SSD,5000+条评价,ThinkPad福建授权专卖店
￥1676.00,拍拍荣耀HONOR Magicbook13寸/14寸/15寸轻薄游戏本超薄便携商务二手笔记本电脑 95成新 R5-2500u 8g 256g高分屏,5000+条评价,驰逸二手笔记本专营店
￥4699.00,ThinkPad联想ThinkBook 14+ 2023 AMD锐龙标压笔记本电脑 14英寸标压轻薄办公本R7-7735H 16G 512G SSD 2.8K 90Hz,1万+条评价,ThinkPad京东自营旗舰店
￥8299.00,机械革命（MECHREVO）旷世G16Pro 2023款 13代酷睿i9 满血4060游戏本 竞技设计编程剪辑P图 升级版丨i9-13900HX丨32G丨2TB 丨RTX4060-8G丨24,5000+条评价,机械革命常科专卖店
￥5599.00,惠普（HP）星BookPro13 2023新品锐龙版13.3英寸2.5K轻薄笔记本电脑学习商务办公 R7-7735U/16G/1T/陶瓷白,1000+条评价,惠普中国京东自营官方旗舰店
￥4998.00,机械师曙光16Air 16英寸2.5K 120Hz AMD锐龙R7-7840H轻薄笔记本电脑游戏商务办公 32G DDR5/1T PCIE4.0固态,1000+条评价,机械师（MACHENIKE）旗舰店
￥5299.00,七彩虹（Colorful）将星X15新款RTX4050/4060游戏本满血独立显卡高刷屏电竞视频直播大学生智能设计 将星i7-12650H/4060/15.6吋144 16G/512G/官方,5000+条评价,七彩虹祝京专卖店
￥7399.00,ThinkPad 联想ThinkBook 16+ 13代英特尔Evo酷睿标压处理器 16英寸轻薄笔记本电脑 2.5K 【升级】i5-13500H 16G 独显 0HCD,2万+条评价,ThinkBook京东自营旗舰店
￥5499.00,惠普（HP）战66六代 酷睿14英寸轻薄笔记本电脑(英特尔13代高性能长续航 i7 16G 1T 高色域低功耗屏 AI新体验 一年上门),20万+条评价,惠普京东自营官方旗舰店
￥2639.00,拍拍联想二手笔记本电脑拯救者r9000p/y7000p 15.6英寸电竞游戏本 95新⑤i7-7700H GTX1050 大型游戏 16G内存+512G固态,200+条评价,辉选二手电脑专营店
￥2399.00,华硕无畏Vivobook15笔记本电脑酷睿i3轻薄本学生办公学习手提电脑 15.6英寸 银色 丨i3-1005G1丨 定制二丨8G内存/256G固态,5000+条评价,华硕东南授权旗舰店
￥6299.00,联想笔记本电脑 2023全新12代旗舰酷睿i7高性能小新品游戏本 15.6英寸金属商务办公设计学生手提本 十二核i7-1260P 24G内存 1TB固态 100%高色域 精装升级 背,5000+条评价,联想福本专卖店
￥4589.00,雷神（ThundeRobot）T-Book16/pro14 高性能商务办公全能本轻薄高端骨灰玩家级游戏本设计师工作站 【火爆2.8K屏】14英寸i5|32G|1T,2000+条评价,雷神京东自营旗舰店
￥8899.00,ThinkPad X1 Carbon 2024 可选Evo认证 旗舰系列高端轻薄本 商务办公用 联想ibm X1Nano i5-1130G7 16G 1T升级 高色域 指纹识别 背光键盘,2000+条评价,ThinkPad福建授权专卖店
￥1188.00,拍拍联想（ThinkPad）二手笔记本 X1 carbon 2018 14英寸超轻薄商务本 9新 【12】2017 i5-8G内存 256G固态,5000+条评价,固英二手笔记本专营店
￥1168.00,拍拍联想(lenovo) 二手笔记本电脑小新Thinkpad14/15.6寸轻薄设计办公家用游戏本95新 i5-6200 16G 512G 独显 LOL推荐,500+条评价,羽枫二手电脑专营店
￥4787.00,华硕（ASUS）华硕灵耀X逍遥4K高分辨率触控屏 100%P3广色域 全金属高颜值商务轻薄 i7 锐炬显卡 4K 13.3英寸 1TB固态硬盘【升级版】,2000+条评价,华硕硕盟伙伴专卖店
￥4348.00,HAEWI国行【2024款英特尔可选酷睿i7】金属笔记本电脑超轻薄本大学生上网课设计学习商务办公学生游戏手提 酷睿i7 11代+2G独显 电竞设计梦幻本 32G运行+,200+条评价,HAEWI旗舰店
￥6749.00,AppleMacBook Pro/Air 8核M2芯片 2022款 苹果笔记本电脑办公 Air13.6寸Apple M28GB午夜色 8+256G 店保1年原封,500+条评价,边城通讯手机买手店
￥13099.00,ThinkPad联想ThinkBook 16P 2023款16英寸高性能游戏本3D建模制图设计师移动工作站 升配 i9-13900H 64G 2T固态 RTX4060 8G独显 3.2K 1,2000+条评价,Thinkpad笔记本专卖店
￥4499.00,机械革命Code 01 120HZ 2.5K 16英寸程序员本(R7-7735HS 16G 1T 100%sRGB WIFI6)轻薄,1万+条评价,机械革命京东自营官方旗舰店
￥4199.00,小米笔记本电脑 红米 Redmi Book 14 2024 13代酷睿i5-13500H 2.8K-120hz高刷屏 轻薄本(i5 16G 512G office)灰,2000+条评价,小米京东自营旗舰店
￥4199.00,机械师曙光16Air 16英寸2.5K AMD锐龙R7-7735H标压游戏本商务办公轻薄笔记本电脑 曙光白（指纹解锁+尾部灯带） 16G DDR5/512G PCIE高速固态,2000+条评价,机械师（MACHENIKE）旗舰店
￥1748.00,拍拍联想（Lenovo) 拯救者15.6寸Y7000/ R9000P高刷电竞吃鸡设计游戏本二手 95新 I7-标压 GTX960 游戏通杀 8G内存+256G固态,5万+条评价,新茂二手电脑专营店
￥3999.00,高性能轻薄本英特尔笔记本电脑指纹解锁背光键盘可选新酷睿锐龙 [性价比强推]星BOOK14/新八核R7 银 16GB内存 / 1TB 高速固态硬盘（,5000+条评价,惠普赞晓专卖店
￥4999.00,戴尔（DELL）笔记本电脑 灵越16PRO-5630 16英寸轻薄本高性能全面屏(13代酷睿i5 512G 锐炬显卡 2.5K屏)16:10屏占比 银,2万+条评价,戴尔京东自营官方旗舰店
￥2509.00,HYUNDAI现代11.6英寸平板笔记本电脑二合一触屏手写360度开合轻薄便携网课学习商务办公 Intel四核16G内存 1T固态硬盘【双频WiFi】,49条评价,HYUNDAI爱宇专卖店
￥3999.00,戴尔（DELL） 灵越14Pro 14英寸轻薄本笔记本电脑 英特尔酷睿i5/i7 可选2.2K屏家用办公5420 1608：i5/16G/512G/2.2K高色域 16G内存丨512G固态硬盘,5000+条评价,戴尔官方旗舰店
￥3999.00,戴尔 DELL灵越16Pro 16英寸5620 12代酷睿i5轻薄16:10屏占比学生办公金属笔记本电脑 标配版i5-1240P 16GB 512G固态 100%SRGB高色域护眼屏 星光银,5000+条评价,戴尔小林专卖店
￥8799.00,戴尔（DELL）新游匣G16 13代酷睿16英寸大屏游戏本7630笔记本电脑高性能高色域电竞屏 主推13代酷睿i7/4060/240Hz/黑 官方标配,1000+条评价,戴尔京东自营旗舰店
￥1549.00,拍拍惠普（HP）二手笔记本电脑 830G5 840G5 轻薄便携商务办公学生手提电脑 840G5 i5-8代 8G 256G 金属外壳 晓瑄二手 9成新,200+条评价,晓瑄二手电脑专营店
￥7699.00,华为笔记本电脑MateBook 16s 16英寸触屏轻薄商务办公设计手提全能本 灰丨i9-12900H 16G+1T 触屏【预装Win11系统+Office办公软件】,2000+条评价,华为千百回专卖店
￥8999.00,ThinkPad联想ThinkBook 16p 英特尔酷睿i5 16英寸高性能轻薄游戏创作本13代i5-13500H 16G 1T RTX4060 3.2K 165Hz,1万+条评价,ThinkPad京东自营旗舰店
￥3199.00,惠普（HP）锐15 新AMD锐龙 15.6英寸轻薄笔记本电脑(六核R5-7530U 8G 512G 指纹识别 一年上门 通过13项军标认证),2万+条评价,惠普京东自营官方旗舰店
￥2138.00,爱心东东【2023英特尔+酷睿i7独显】国行4K金属笔记本电脑超薄指纹解锁商务办公设计学生游戏系能手提 英特尔12代 【粉色女神本】 +指纹解锁+ 超薄款 32G,5万+条评价,系能旗舰店
￥4799.00,机械师曙光16Air 16英寸2.5K 120Hz AMD锐龙R7-7840H轻薄笔记本电脑游戏商务办公 32G DDR5/512G PCIE4.0固态,1000+条评价,机械师（MACHENIKE）旗舰店
